titulo,orgao,vagas,salario,salario_numerico,escolaridade,status,cidade,estado,data_coleta,fonte,link
Amazul - Amazônia Azul Tecnologias de Defesa S.A.,,59,"R$ 9739,10",9739.1,Superior,,,,2025-10-21T12:47:59.304576,PCI Concurso,https://www.pciconcursos.com.br/noticias/amazul-publica-retificacao-de-concurso-publico
ARSESP - Agência Reguladora de Serviços Públicos de São Paulo,,105,"R$ 12.070,00",12070.0,Superior,,,,2025-10-21T12:47:59.307215,PCI Concurso,https://www.pciconcursos.com.br/noticias/arsesp-retifica-concurso-publico-com-salarios-de-ate-12-mil
PM - Polícia Militar do Estado de São Paulo,,200,"R$ 5055,53",5055.53,Ensino Médio,,,,2025-10-21T12:47:59.307215,PCI Concurso,https://www.pciconcursos.com.br/noticias/pm-sp-abre-2200-vagas-em-novo-concurso-publico
Prefeitura de Birigui,,33,"R$ 9277,02",9277.02,Superior,,,,2025-10-21T12:47:59.307215,PCI Concurso,https://www.pciconcursos.com.br/noticias/prefeitura-de-birigui-sp-retifica-concurso-publico-com-salarios-de-ate-9-2-mil
Prefeitura de Guarulhos,,1,"R$ 2581,06",2581.06,Ensino Médio,,,,2025-10-21T12:47:59.307215,PCI Concurso,https://www.pciconcursos.com.br/noticias/prefeitura-de-guarulhos-sp-publica-retificacoes-de-concurso-publico-para-assistente-de-gestao-publica
Prefeitura de Lorena,,10,"R$ 7583,07",7583.07,Superior,,,,2025-10-21T12:47:59.307215,PCI Concurso,https://www.pciconcursos.com.br/noticias/prefeitura-de-lorena-sp-divulga-retificacao-de-concurso-publico
Prefeitura de Mairiporã,,10,"R$ 3364,67",3364.67,Ensino Médio,,,,2025-10-21T12:47:59.307215,PCI Concurso,https://www.pciconcursos.com.br/noticias/prefeitura-de-mairipora-sp-publica-concurso-publico-para-guarda-civil-municipal
Prefeitura de Paulínia,,26,"R$ 6882,47",6882.47,Médio,,,,2025-10-21T12:47:59.307215,PCI Concurso,https://www.pciconcursos.com.br/noticias/prefeitura-de-paulinia-sp-lanca-edital-de-concurso-publico-com-26-vagas
Prefeitura de São José do Rio Preto,,577,"R$ 16.232,76",16232.76,Superior,,,,2025-10-21T12:47:59.307215,PCI Concurso,https://www.pciconcursos.com.br/noticias/prefeitura-de-sao-jose-do-rio-preto-sp-informa-abertura-de-processo-seletivo-e-concurso-publico
Câmara de Alumínio,,2,"R$ 5031,30",5031.3,Superior,,,,2025-10-21T12:47:59.307215,PCI Concurso,https://www.pciconcursos.com.br/noticias/camara-de-aluminio-sp-promove-concurso-publico-com-salarios-de-ate-5-mil
Câmara de Bofete,,1,"R$ 5532,96",5532.96,Superior,,,,2025-10-21T12:47:59.309777,PCI Concurso,https://www.pciconcursos.com.br/noticias/camara-de-bofete-sp-abre-edital-de-concurso-publico-para-cargo-de-agente-de-contratacao-e-pregoeiro
Câmara de Brotas,,4,"R$ 9800,00",9800.0,Superior,,,,2025-10-21T12:47:59.309777,PCI Concurso,https://www.pciconcursos.com.br/noticias/camara-de-brotas-sp-anuncia-um-concurso-publico-com-quatro-vagas
Câmara de Franca,,1,"R$ 5944,47",5944.47,Superior,,,,2025-10-21T12:47:59.309777,PCI Concurso,https://www.pciconcursos.com.br/noticias/camara-de-franca-sp-promove-concurso-publico-para-analista-de-controle-interno
Câmara de Itirapuã,,1,"R$ 2683,43",2683.43,Ensino Médio,,,,2025-10-21T12:47:59.309777,PCI Concurso,https://www.pciconcursos.com.br/noticias/camara-de-itirapua-sp-publica-concurso-publico-para-escriturario-legislativo
Câmara de Mirassol,,9,"R$ 9637,74",9637.74,Superior,,,,2025-10-21T12:47:59.309777,PCI Concurso,https://www.pciconcursos.com.br/noticias/camara-de-mirassol-sp-publica-edital-de-concurso-publico
Câmara de Mogi das Cruzes,,18,"R$ 10.069,96",10069.96,Superior,,,,2025-10-21T12:47:59.309777,PCI Concurso,https://www.pciconcursos.com.br/noticias/concurso-publico-com-salarios-de-ate-10-mil-e-divulgado-pela-camara-de-mogi-das-cruzes-sp
Câmara de Nova Odessa,,2,"R$ 11.789,19",11789.19,Superior,,,,2025-10-21T12:47:59.309777,PCI Concurso,https://www.pciconcursos.com.br/noticias/camara-de-nova-odessa-sp-lanca-concurso-publico-com-duas-vagas-e-formacao-de-cadastro-de-reserva
Câmara de Pederneiras,,3,"R$ 3405,40",3405.4,Superior,,,,2025-10-21T12:47:59.309777,PCI Concurso,https://www.pciconcursos.com.br/noticias/camara-de-pederneiras-sp-abre-inscricoes-de-edital-de-concurso-publico
Câmara de Santa Rita do Passa Quatro,,3,"R$ 9615,97",9615.97,Superior,,,,2025-10-21T12:47:59.309777,PCI Concurso,https://www.pciconcursos.com.br/noticias/camara-de-santa-rita-do-passa-quatro-sp-abre-concurso-publico-para-assistente-legislativo-e-procurador-juridico
Câmara de São João da Boa Vista,,0,"R$ 7392,69",7392.69,Superior,,,,2025-10-21T12:47:59.309777,PCI Concurso,https://www.pciconcursos.com.br/noticias/camara-de-sao-joao-da-boa-vista-sp-abre-edital-de-concurso-publico-para-formar-cadastro-reserva
Câmara de São Lourenço da Serra,,2,"R$ 3005,59",3005.59,Fundamental,,,,2025-10-21T12:47:59.309777,PCI Concurso,https://www.pciconcursos.com.br/noticias/camara-de-sao-lourenco-da-serra-sp-divulga-duas-vagas-em-novo-processo-seletivo-retificado
CGE - Controladoria Geral do Estado,,200,"R$ 17.850,00",17850.0,Superior,,,,2025-10-21T12:47:59.309777,PCI Concurso,https://www.pciconcursos.com.br/noticias/cge-sp-divulga-retificacao-de-concurso-publico
Consórcio Intermunicipal Cemmil,,0,"R$ 3000,00",3000.0,Fundamental,,,,2025-10-21T12:47:59.309777,PCI Concurso,https://www.pciconcursos.com.br/noticias/cemmil-sp-publica-edital-de-processo-seletivo-para-cargos-de-nivel-fundamental
CORE - Conselho Regional dos Representantes Comerciais no Estado de São Paulo,,29,"R$ 8524,51",8524.51,Superior,,,,2025-10-21T12:47:59.309777,PCI Concurso,https://www.pciconcursos.com.br/noticias/core-sp-promove-concurso-publico-com-salarios-de-ate-8-5-mil
CRA - Conselho Regional de Administração de São Paulo,,22,"R$ 5968,00",5968.0,Superior,,,,2025-10-21T12:47:59.309777,PCI Concurso,https://www.pciconcursos.com.br/noticias/cra-sp-abre-22-vagas-em-novo-concurso-publico
EMURJA - Empresa Municipal de Urbanização de Jaboticabal,,1,"R$ 2824,30",2824.3,Fundamental,,,,2025-10-21T12:47:59.309777,PCI Concurso,https://www.pciconcursos.com.br/noticias/emurja-sp-abre-inscricoes-para-um-novo-processo-seletivo
Etec - Escola Técnica - Itapevi,,0,"R$ 22,47",22.47,Superior,,,,2025-10-21T12:47:59.309777,PCI Concurso,https://www.pciconcursos.com.br/noticias/etec-de-itapevi-sp-lanca-edital-de-processo-seletivo-para-cargo-de-professor
FAMESP - Fundação para o Desenvolvimento Médico e Hospitalar,,7,"R$ 5784,95",5784.95,Superior,,,,2025-10-21T12:47:59.309777,PCI Concurso,https://www.pciconcursos.com.br/noticias/famesp-divulga-sete-processos-seletivos-para-medicos-em-botucatu-sp
FATEC - Faculdade de Tecnologia - Osasco,,1,"R$ 3113,11",3113.11,Superior,,,,2025-10-21T12:47:59.309777,PCI Concurso,https://www.pciconcursos.com.br/noticias/fatec-de-osasco-sp-informa-processo-seletivo-para-cargo-de-auxiliar-de-docente
Funcamp - Faculdade de Ciências Médicas,,1,"R$ 3322,20",3322.2,Superior,,,,2025-10-21T12:47:59.309777,PCI Concurso,https://www.pciconcursos.com.br/noticias/funcamp-sp-abre-processo-seletivo-para-tecnico-de-laboratorio-pesquisador
Funcamp - Fundação de Desenvolvimento da Unicamp,,1,"R$ 2882,98",2882.98,Técnico,,,,2025-10-21T12:47:59.309777,PCI Concurso,https://www.pciconcursos.com.br/noticias/funcamp-sp-publica-processo-seletivo-para-auxiliar-de-enfermagem
FUNCAMP - Fundação de Desenvolvimento da Unicamp (AME),,1,"R$ 4276,43",4276.43,Técnico,,,,2025-10-21T12:47:59.313346,PCI Concurso,https://www.pciconcursos.com.br/noticias/funcamp-sp-publica-processo-seletivo-para-tecnico-em-equipamentos-medicos-hospitalares
Funcamp - Fundação de Desenvolvimento da Unicamp - Campinas,,1,"R$ 3380,82",3380.82,Técnico,,,,2025-10-21T12:47:59.313346,PCI Concurso,https://www.pciconcursos.com.br/noticias/funcamp-anuncia-edital-de-processo-seletivo-para-tecnico-de-enfermagem
Fundação do ABC - Itatiba,,46,"R$ 15.648,49",15648.49,Superior,,,,2025-10-21T12:47:59.313346,PCI Concurso,https://www.pciconcursos.com.br/noticias/fundacao-do-abc-de-itatiba-sp-abre-46-vagas-em-novo-processo-seletivo
GRAU - Grupo de Resgate,,30,"R$ 5557,50",5557.5,Superior,,,,2025-10-21T12:47:59.313346,PCI Concurso,https://www.pciconcursos.com.br/noticias/grau-ses-sp-abre-concurso-publico-para-medicos
HC - Hospital de Clínicas,,1,"R$ 3583,62",3583.62,Superior,,,,2025-10-21T12:47:59.313346,PCI Concurso,https://www.pciconcursos.com.br/noticias/funcamp-abre-processo-seletivo-para-medico-oftalmologista
HCRP - Hospital das Clínicas da Faculdade de Medicina de Botucatu da USP,,1,"R$ 2908,00",2908.0,Superior,,,,2025-10-21T12:47:59.313346,PCI Concurso,https://www.pciconcursos.com.br/noticias/hcfmrp-usp-divulga-novo-processo-seletivo-para-agente-tecnico-de-assistencia-a-saude
HCRP - Hospital das Clínicas de Ribeirão Preto,,0,"R$ 2908,00",2908.0,Superior,,,,2025-10-21T12:47:59.313346,PCI Concurso,https://www.pciconcursos.com.br/noticias/hcrp-usp-abre-concurso-publico-para-fisico
HES - Hospital Estadual Sumaré,,1,"R$ 6637,66",6637.66,Superior,,,,2025-10-21T12:47:59.313346,PCI Concurso,https://www.pciconcursos.com.br/noticias/funcamp-anuncia-edital-de-processo-seletivo-para-enfermeiro-obstetrico
"IFSP - Instituto Federal de Educação, Ciência e Tecnologia de São Paulo",,21,"R$ 8692,32",8692.32,Superior,,,,2025-10-21T12:47:59.313346,PCI Concurso,https://www.pciconcursos.com.br/noticias/ifsp-abre-concurso-publico-para-tecnicos-administrativos-em-educacao
InvestSP - Agência Paulista de Promoção de Investimentos e Competitividade,,4,"R$ 13.321,00",13321.0,Superior,,,,2025-10-21T12:47:59.313346,PCI Concurso,https://www.pciconcursos.com.br/noticias/investsp-abre-processo-seletivo-com-quatro-vagas-em-sao-paulo
MP - Ministério Público do Estado de São Paulo,,13,"R$ 18.705,85",18705.85,Superior,,,,2025-10-21T12:47:59.313346,PCI Concurso,https://www.pciconcursos.com.br/noticias/mp-sp-divulga-concurso-publico-com-salarios-de-18-7-mil
Prefeitura da Estância Hidromineral de Serra Negra,,29,"R$ 1875,71",1875.71,Fundamental,,,,2025-10-21T12:47:59.313346,PCI Concurso,https://www.pciconcursos.com.br/noticias/prefeitura-da-estancia-hidromineral-de-serra-negra-sp-abre-29-vagas-em-novo-processo-seletivo
Prefeitura da Estância Turística de Avaré,,8,"R$ 5502,88",5502.88,Superior,,,,2025-10-21T12:47:59.313346,PCI Concurso,https://www.pciconcursos.com.br/noticias/prefeitura-de-estancia-turistica-de-avare-sp-abre-dois-novos-concursos-publicos
Prefeitura da Estância Turística de Joanópolis,,36,"R$ 6021,78",6021.78,Superior,,,,2025-10-21T12:47:59.313346,PCI Concurso,https://www.pciconcursos.com.br/noticias/prefeitura-da-estancia-turistica-de-joanopolis-sp-anuncia-um-concurso-publico-e-um-processo-seletivo
Prefeitura da Estância Turística de Tremembé,,106,"R$ 5280,62",5280.62,Superior,,,,2025-10-21T12:47:59.313346,PCI Concurso,https://www.pciconcursos.com.br/noticias/prefeitura-da-estancia-turistica-de-tremembe-sp-anuncia-abertura-de-processo-seletivo-com-diversas-vagas
Prefeitura de Altinópolis,,0,"R$ 11.222,37",11222.37,Superior,,,,2025-10-21T12:47:59.313346,PCI Concurso,https://www.pciconcursos.com.br/noticias/prefeitura-de-altinopolis-sp-lanca-edital-de-concurso-publico-para-formar-cadastro-reserva
Prefeitura de Américo Brasiliense,,2,"R$ 2212,89",2212.89,Superior,,,,2025-10-21T12:47:59.313346,PCI Concurso,https://www.pciconcursos.com.br/noticias/edital-de-processo-seletivo-e-anunciado-pela-prefeitura-de-americo-brasiliense-sp
Prefeitura de Anhumas,,0,"R$ 1704,12",1704.12,Médio,,,,2025-10-21T12:47:59.313346,PCI Concurso,https://www.pciconcursos.com.br/noticias/prefeitura-de-anhumas-sp-lanca-inscricoes-para-processo-seletivo
Prefeitura de Bariri,,1,"R$ 4748,28",4748.28,Superior,,,,2025-10-21T12:47:59.313346,PCI Concurso,https://www.pciconcursos.com.br/noticias/concurso-publico-da-prefeitura-de-bariri-sp-oferece-vaga-para-procurador-juridico
Prefeitura de Bauru,,4,"R$ 5808,50",5808.5,Superior,,,,2025-10-21T12:47:59.313346,PCI Concurso,https://www.pciconcursos.com.br/noticias/prefeitura-de-bauru-sp-abre-inscricoes-para-quatro-concursos-publicos
Prefeitura de Cajamar,,0,"R$ 10.924,23",10924.23,Superior,,,,2025-10-21T12:47:59.315690,PCI Concurso,https://www.pciconcursos.com.br/noticias/prefeitura-de-cajamar-sp-retifica-um-dos-editais-de-concursos-publicos
Prefeitura de Capela do Alto,,0,"R$ 5098,65",5098.65,Superior,,,,2025-10-21T12:47:59.315690,PCI Concurso,https://www.pciconcursos.com.br/noticias/prefeitura-de-capela-do-alto-sp-prorroga-inscricoes-de-processo-seletivo
Prefeitura de Castilho,,22,"R$ 5892,89",5892.89,Superior,,,,2025-10-21T12:47:59.315690,PCI Concurso,https://www.pciconcursos.com.br/noticias/prefeitura-de-castilho-sp-lanca-edital-de-concurso-publico-com-diversos-cargos
Prefeitura de Cristais Paulista,,0,"R$ 5251,62",5251.62,Superior,,,,2025-10-21T12:47:59.315690,PCI Concurso,https://www.pciconcursos.com.br/noticias/prefeitura-de-cristais-paulista-sp-divulga-retificacao-de-concurso-publico
Prefeitura de Cunha,,0,"R$ 8773,85",8773.85,Superior,,,,2025-10-21T12:47:59.315690,PCI Concurso,https://www.pciconcursos.com.br/noticias/prefeitura-de-cunha-sp-publica-retificacao-de-processo-seletivo
Prefeitura de Dumont,,1,"R$ 3307,58",3307.58,Ensino Médio,,,,2025-10-21T12:47:59.315690,PCI Concurso,https://www.pciconcursos.com.br/noticias/prefeitura-de-dumont-sp-abre-vaga-para-escriturario-em-novo-concurso-publico
Prefeitura de Fartura,,22,"R$ 6420,92",6420.92,Superior,,,,2025-10-21T12:47:59.315690,PCI Concurso,https://www.pciconcursos.com.br/noticias/prefeitura-de-fartura-sp-divulga-concurso-publico-com-salarios-de-ate-6-4-mil
Prefeitura de Guarantã,,2,"R$ 3815,66",3815.66,Superior,,,,2025-10-21T12:47:59.315690,PCI Concurso,https://www.pciconcursos.com.br/noticias/prefeitura-de-guaranta-sp-abre-processo-seletivo-com-vagas-para-niveis-medio-e-superior
Prefeitura de Igaratá,,0,"R$ 4996,53",4996.53,Superior,,,,2025-10-21T12:47:59.315690,PCI Concurso,https://www.pciconcursos.com.br/noticias/prefeitura-de-igarata-sp-abre-processo-seletivo-para-cargos-de-niveis-fundamental-e-superior
Prefeitura de Itanhaém,,13,"R$ 5337,00",5337.0,Superior,,,,2025-10-21T12:47:59.315690,PCI Concurso,https://www.pciconcursos.com.br/noticias/prefeitura-de-itanhaem-sp-publica-abertura-das-inscricoes-de-edital-de-processo-seletivo
Prefeitura de Itapira,,27,"R$ 3893,11",3893.11,Superior,,,,2025-10-21T12:47:59.315690,PCI Concurso,https://www.pciconcursos.com.br/noticias/prefeitura-de-itapira-sp-publica-retificacoes-de-concurso-publico
Prefeitura de Itatiba,,0,"R$ 5137,66",5137.66,Superior,,,,2025-10-21T12:47:59.315690,PCI Concurso,https://www.pciconcursos.com.br/noticias/edital-de-processo-seletivo-e-divulgado-pela-prefeitura-de-itatiba-sp
Prefeitura de Itobi,,0,"R$ 4867,77",4867.77,Superior,,,,2025-10-21T12:47:59.315690,PCI Concurso,https://www.pciconcursos.com.br/noticias/prefeitura-de-itobi-sp-abre-edital-de-concurso-publico-para-formar-cadastro-reserva
Prefeitura de Jundiaí,,1,"R$ 3400,26",3400.26,Ensino Médio,,,,2025-10-21T12:47:59.315690,PCI Concurso,https://www.pciconcursos.com.br/noticias/prefeitura-de-jundiai-sp-abre-concurso-publico-para-o-cargo-de-agente-comunitario-de-saude
Prefeitura de Lucianópolis,,1,"R$ 4011,65",4011.65,Superior,,,,2025-10-21T12:47:59.315690,PCI Concurso,https://www.pciconcursos.com.br/noticias/prefeitura-de-lucianopolis-sp-lanca-concurso-publico-para-diversos-cargos
Prefeitura de Miracatu,,30,"R$ 6678,00",6678.0,Superior,,,,2025-10-21T12:47:59.315690,PCI Concurso,https://www.pciconcursos.com.br/noticias/prefeitura-de-miracatu-sp-promove-concurso-publico
Prefeitura de Mirante do Paranapanema,,36,"R$ 2589,66",2589.66,Superior,,,,2025-10-21T12:47:59.315690,PCI Concurso,https://www.pciconcursos.com.br/noticias/prefeitura-de-mirante-do-paranapanema-sp-publica-retificacao-de-concurso-publico
Prefeitura de Mococa,,62,"R$ 3787,74",3787.74,Superior,,,,2025-10-21T12:47:59.315690,PCI Concurso,https://www.pciconcursos.com.br/noticias/prefeitura-de-mococa-sp-abre-inscricoes-para-edital-de-concurso-publico
Prefeitura de Mogi Guaçu,,17,"R$ 3528,62",3528.62,Superior,Aberto,,,2025-10-21T12:47:59.315690,PCI Concurso,https://www.pciconcursos.com.br/noticias/prefeitura-de-mogi-guacu-sp-reabre-concurso-publico-e-processo-seletivo
Prefeitura de Osasco,,199,"R$ 6427,89",6427.89,Superior,,,,2025-10-21T12:47:59.315690,PCI Concurso,https://www.pciconcursos.com.br/noticias/prefeitura-de-osasco-sp-abre-inscricoes-para-dois-editais-de-concurso-publico
Prefeitura de Palestina,,127,"R$ 13.208,58",13208.58,Superior,,,,2025-10-21T12:47:59.315690,PCI Concurso,https://www.pciconcursos.com.br/noticias/prefeitura-de-palestina-sp-lanca-edital-de-concurso-publico-com-127-vagas
Prefeitura de Palmital,,1,"R$ 24,33",24.33,Superior,,,,2025-10-21T12:47:59.315690,PCI Concurso,https://www.pciconcursos.com.br/noticias/prefeitura-de-palmital-sp-abre-vagas-em-novo-processo-seletivo
Prefeitura de Paranapanema,,14,"R$ 9340,04",9340.04,Superior,,,,2025-10-21T12:47:59.315690,PCI Concurso,https://www.pciconcursos.com.br/noticias/prefeitura-de-paranapanema-sp-retifica-concurso-publico-com-salarios-de-ate-9-3-mil
Prefeitura de Piacatu,,0,"R$ 2660,00",2660.0,Superior,,,,2025-10-21T12:47:59.315690,PCI Concurso,https://www.pciconcursos.com.br/noticias/prefeitura-de-piacatu-sp-lanca-edital-de-processo-seletivo-para-formar-cadastro-reserva
Prefeitura de Pirangi,,1,"R$ 3731,87",3731.87,Superior,,,,2025-10-21T12:47:59.315690,PCI Concurso,https://www.pciconcursos.com.br/noticias/prefeitura-de-pirangi-sp-divulga-processo-seletivo-para-cargo-de-assistente-social
Prefeitura de Populina/SP,,0,"R$ 3813,30",3813.3,Superior,,,,2025-10-21T12:47:59.315690,PCI Concurso,https://www.pciconcursos.com.br/noticias/prefeitura-de-populina-sp-retifica-edital-de-processo-seletivo-para-formar-cadastro-reserva
Prefeitura de Presidente Epitácio,,1,"R$ 2342,65",2342.65,Superior,,,,2025-10-21T12:47:59.315690,PCI Concurso,https://www.pciconcursos.com.br/noticias/prefeitura-de-presidente-epitacio-sp-publica-processo-seletivo-com-diversos-cargos
Prefeitura de Regente Feijó,,0,"R$ 4867,77",4867.77,Superior,,,,2025-10-21T12:47:59.315690,PCI Concurso,https://www.pciconcursos.com.br/noticias/prefeitura-de-regente-feijo-sp-abre-edital-de-processo-seletivo-para-formar-cadastro-reserva
Prefeitura de Ribeirão Corrente,,5,"R$ 12.652,82",12652.82,Superior,,,,2025-10-21T12:47:59.315690,PCI Concurso,https://www.pciconcursos.com.br/noticias/prefeitura-de-ribeirao-corrente-sp-prorroga-inscricoes-de-concurso-publico
Prefeitura de Rifaina,,17,"R$ 3749,11",3749.11,Superior,,,,2025-10-21T12:47:59.315690,PCI Concurso,https://www.pciconcursos.com.br/noticias/prefeitura-de-rifaina-sp-abre-concurso-publico-para-diversas-areas
Prefeitura de Salto de Pirapora,,108,"R$ 8920,09",8920.09,Superior,,,,2025-10-21T12:47:59.315690,PCI Concurso,https://www.pciconcursos.com.br/noticias/prefeitura-de-salto-de-pirapora-sp-abre-dois-editais-de-concurso-publico-com-diversos-cargos
Prefeitura de Sandovalina,,1,"R$ 3379,00",3379.0,Superior,,,,2025-10-21T12:47:59.315690,PCI Concurso,https://www.pciconcursos.com.br/noticias/prefeitura-de-sandovalina-sp-abre-inscricoes-para-edital-de-processo-seletivo-e-concurso-publico
Prefeitura de Santa Gertrudes,,0,"R$ 3761,18",3761.18,Superior,,,,2025-10-21T12:47:59.315690,PCI Concurso,https://www.pciconcursos.com.br/noticias/prefeitura-de-santa-gertrudes-sp-abre-cadastro-reserva-para-diversos-cargos-em-novo-processo-seletivo
Prefeitura de Santana de Parnaíba,,11,"R$ 5568,49",5568.49,Superior,,,,2025-10-21T12:47:59.315690,PCI Concurso,https://www.pciconcursos.com.br/noticias/prefeitura-de-santana-de-parnaiba-sp-publica-edital-de-concurso-publico-com-diversos-cargos
Prefeitura de Santo Anastácio,,2,"R$ 1730,47",1730.47,Superior,,,,2025-10-21T12:47:59.315690,PCI Concurso,https://www.pciconcursos.com.br/noticias/prefeitura-de-santo-anastacio-sp-retifica-edital-de-processo-seletivo
Prefeitura de Santo Antônio da Alegria,,2,"R$ 2266,26",2266.26,Superior,,,,2025-10-21T12:47:59.315690,PCI Concurso,https://www.pciconcursos.com.br/noticias/prefeitura-de-santo-antonio-da-alegria-sp-publica-edital-de-processo-seletivo
Prefeitura de Santos,,39,"R$ 3552,09",3552.09,Médio,,,,2025-10-21T12:47:59.315690,PCI Concurso,https://www.pciconcursos.com.br/noticias/prefeitura-de-santos-sp-divulga-retificacao-de-concurso-publico
Prefeitura de São João da Boa Vista,,0,"R$ 5340,58",5340.58,Superior,,,,2025-10-21T12:47:59.319577,PCI Concurso,https://www.pciconcursos.com.br/noticias/prefeitura-de-sao-joao-da-boa-vista-sp-abre-concurso-publico-e-processo-seletivo
Prefeitura de São João do Pau D'Alho,,8,"R$ 4224,02",4224.02,Superior,,,,2025-10-21T12:47:59.319577,PCI Concurso,https://www.pciconcursos.com.br/noticias/prefeitura-de-sao-joao-do-pau-dalho-sp-divulga-abertura-de-concurso-publico-com-oito-vagas
Prefeitura de São Simão,,5,"R$ 6768,00",6768.0,Superior,,,,2025-10-21T12:47:59.319577,PCI Concurso,https://www.pciconcursos.com.br/noticias/concurso-publico-para-medicos-e-divulgado-pela-prefeitura-de-sao-simao-sp
Prefeitura de Serra Azul,,36,"R$ 3232,39",3232.39,Superior,,,,2025-10-21T12:47:59.319577,PCI Concurso,https://www.pciconcursos.com.br/noticias/edital-de-processo-seletivo-e-divulgado-pela-prefeitura-de-serra-azul-sp
Prefeitura de Sorocaba,,89,"R$ 6102,71",6102.71,Superior,,,,2025-10-21T12:47:59.319577,PCI Concurso,https://www.pciconcursos.com.br/noticias/prefeitura-de-sorocaba-sp-abre-concurso-publico-com-89-vagas
Prefeitura de Taquarivaí,,12,"R$ 14.592,79",14592.79,Superior,,,,2025-10-21T12:47:59.319577,PCI Concurso,https://www.pciconcursos.com.br/noticias/prefeitura-de-taquarivai-sp-promove-concurso-publico-com-salarios-de-ate-14-5-mil
Prefeitura de Timburi,,4,"R$ 3334,72",3334.72,Superior,,,,2025-10-21T12:47:59.319577,PCI Concurso,https://www.pciconcursos.com.br/noticias/prefeitura-de-timburi-sp-abre-concurso-publico-para-nivel-medio-e-superior
Prefeitura de Tuiuti,,0,"R$ 3474,30",3474.3,Superior,,,,2025-10-21T12:47:59.319577,PCI Concurso,https://www.pciconcursos.com.br/noticias/prefeitura-de-tuiuti-sp-abre-edital-de-processo-seletivo-para-formar-cadastro-reserva
Prefeitura de Viradouro,,7,"R$ 2111,67",2111.67,Ensino Médio,,,,2025-10-21T12:47:59.319577,PCI Concurso,https://www.pciconcursos.com.br/noticias/prefeitura-de-viradouro-sp-lanca-edital-de-processo-seletivo-para-cargo-de-educador-residente
Prodesan - Progresso e Desenvolvimento de Santos,,11,"R$ 6931,09",6931.09,Superior,,,,2025-10-21T12:47:59.319577,PCI Concurso,https://www.pciconcursos.com.br/noticias/prodesan-abre-inscricoes-de-tres-editais-de-processo-seletivo
RIOPRETOPREV - Regime Próprio de Previdência Social do Município de São José do Rio Preto,,2,"R$ 6727,88",6727.88,Superior,,,,2025-10-21T12:47:59.319577,PCI Concurso,https://www.pciconcursos.com.br/noticias/riopretoprev-sp-anuncia-abertura-das-inscricoes-para-edital-de-concurso-publico
SAAEB - Serviço Autônomo de Água e Esgotos de Bebedouro,,4,"R$ 7192,72",7192.72,Superior,,,,2025-10-21T12:47:59.319577,PCI Concurso,https://www.pciconcursos.com.br/noticias/saaeb-de-bebedouro-sp-publica-concurso-publico-com-salarios-de-ate-7-1-mil
SAP - Secretaria da Administração Penitenciária,,100,"R$ 4695,60",4695.6,Superior,,,,2025-10-21T12:47:59.319577,PCI Concurso,https://www.pciconcursos.com.br/noticias/sap-sp-anuncia-1100-vagas-em-novo-concurso-publico
UFABC - Universidade Federal do ABC,,45,"R$ 4967,04",4967.04,Superior,,,,2025-10-21T12:47:59.319577,PCI Concurso,https://www.pciconcursos.com.br/noticias/ufabc-abre-concurso-publico-para-diversas-areas
UNESP - Universidade Estadual Paulista,,1,"R$ 10.247,69",10247.69,Superior,,,,2025-10-21T12:47:59.319577,PCI Concurso,https://www.pciconcursos.com.br/noticias/unesp-abre-concurso-publico-para-analista-de-informatica-no-campus-de-rio-claro-sp
UNESP - Universidade Estadual Paulista - Rosana,,1,"R$ 10.247,69",10247.69,Superior,,,,2025-10-21T12:47:59.319577,PCI Concurso,https://www.pciconcursos.com.br/noticias/unesp-de-rosana-sp-promove-concurso-publico-para-analista-de-informatica-i
UNESP - Universidade Estadual Paulista Júlio de Mesquita Filho,,1,"R$ 6291,18",6291.18,Ensino Médio,,,,2025-10-21T12:47:59.319577,PCI Concurso,https://www.pciconcursos.com.br/noticias/unesp-de-guaratingueta-sp-divulga-concurso-publico-para-assistente-administrativo-ii-na-area-de-financas
UNICAMP - Universidade Estadual de Campinas,,0,"R$ 3336,54",3336.54,Fundamental,,,,2025-10-21T12:47:59.319577,PCI Concurso,https://www.pciconcursos.com.br/noticias/unicamp-sp-abre-concurso-para-operador-de-maquina-agricola
Unidade Hospital Infantil Cândido Fontoura,,3,"R$ 4631,25",4631.25,Superior,,,,2025-10-21T12:47:59.319577,PCI Concurso,https://www.pciconcursos.com.br/noticias/hospital-infantil-candido-fontoura-sp-anuncia-concurso-publico-para-cargo-de-medico
USP - Universidade de São Paulo,,16,"R$ 11.334,47",11334.47,Superior,,,,2025-10-21T12:47:59.319577,PCI Concurso,https://www.pciconcursos.com.br/noticias/usp-abre-14-concursos-publicos-para-cargos-tecnicos-e-superiores
ALERJ - Assembleia Legislativa do Estado do Rio de Janeiro,,101,"R$ 44.008,52",44008.52,Superior,,,,2025-10-21T12:47:59.319577,PCI Concurso,https://www.pciconcursos.com.br/noticias/assembleia-legislativa-do-estado-do-rio-de-janeiro-publica-dois-editais-de-concursos-publicos
Câmara de Paraíba do Sul,,9,"R$ 2605,04",2605.04,Superior,,,,2025-10-21T12:47:59.319577,PCI Concurso,https://www.pciconcursos.com.br/noticias/camara-de-paraiba-do-sul-rj-abre-inscricoes-para-edital-de-concurso-publico
Câmara de Angra dos Reis,,23,"R$ 5958,29",5958.29,Superior,,,,2025-10-21T12:47:59.319577,PCI Concurso,https://www.pciconcursos.com.br/noticias/camara-de-angra-dos-reis-rj-prorroga-inscricoes-de-concurso-publico
HSJB - Hospital São João Batista,,300,"R$ 1518,00",1518.0,Superior,,,,2025-10-21T12:47:59.319577,PCI Concurso,https://www.pciconcursos.com.br/noticias/hospital-sao-joao-batista-de-volta-redonda-rj-abre-concurso-publico-com-300-vagas
ICMBio - Instituto Chico Mendes de Conservação da Biodiversidade - Nova Iguaçu,,3,,0.0,Fundamental,,,,2025-10-21T12:47:59.319577,PCI Concurso,https://www.pciconcursos.com.br/noticias/icmbio-processo-seletivo-para-agente-temporario-ambiental-e-anunciado-em-nova-iguacu-rj
Prefeitura de Silva Jardim,,40,"R$ 3137,06",3137.06,Superior,,,,2025-10-21T12:47:59.319577,PCI Concurso,https://www.pciconcursos.com.br/noticias/prefeitura-de-silva-jardim-rj-retifica-processo-seletivo-para-diversos-cargos
Prefeitura do Rio de Janeiro,,5,"R$ 19.435,08",19435.08,Superior,,,,2025-10-21T12:47:59.319577,PCI Concurso,https://www.pciconcursos.com.br/noticias/prefeitura-do-rio-de-janeiro-rj-publica-retificacao-de-concurso-para-gestor-de-seguranca-municipal
UNIRIO - Universidade Federal do Estado do Rio de Janeiro,,127,"R$ 4967,04",4967.04,Superior,,,,2025-10-21T12:47:59.319577,PCI Concurso,https://www.pciconcursos.com.br/noticias/unirio-promove-concurso-publico-para-tecnicos-administrativos-em-educacao
ARISMIG-Agência Reguladora Intermunicipal de Saneamento de Minas Gerais,,5,"R$ 4730,14",4730.14,Superior,,,,2025-10-21T12:47:59.319577,PCI Concurso,https://www.pciconcursos.com.br/noticias/arismig-e-ibgp-divulgam-concurso-publico-com-salarios-de-ate-4-7-mil
PMMG - Polícia Militar de Minas Gerais,,60,"R$ 11.547,07",11547.07,Superior,,,,2025-10-21T12:47:59.319577,PCI Concurso,https://www.pciconcursos.com.br/noticias/pm-mg-abre-concurso-publico-para-formacao-de-oficiais-da-policia-militar-de-minas-gerais
Prefeitura de Alfenas,,45,"R$ 2850,00",2850.0,Ensino Médio,,,,2025-10-21T12:47:59.319577,PCI Concurso,https://www.pciconcursos.com.br/noticias/prefeitura-de-alfenas-mg-abre-45-vagas-em-novo-concurso-publico
Prefeitura de Bom Sucesso,,65,"R$ 2852,34",2852.34,Superior,,,,2025-10-21T12:47:59.319577,PCI Concurso,https://www.pciconcursos.com.br/noticias/prefeitura-de-bom-sucesso-mg-retifica-edital-de-concurso-publico
Prefeitura de Contagem,,598,"R$ 12.762,55",12762.55,Superior,,,,2025-10-21T12:47:59.319577,PCI Concurso,https://www.pciconcursos.com.br/noticias/prefeitura-de-contagem-mg-abre-edital-de-concurso-publico-com-598-vagas
Prefeitura de Patos de Minas,,330,"R$ 5478,70",5478.7,Superior,,,,2025-10-21T12:47:59.319577,PCI Concurso,https://www.pciconcursos.com.br/noticias/prefeitura-de-patos-de-minas-mg-divulga-concursos-publicos-com-mais-de-300-vagas
SEJUSP - Secretaria de Estado de Justiça e Segurança Pública de Minas Gerais,,178,"R$ 5332,64",5332.64,Médio,,,,2025-10-21T12:47:59.319577,PCI Concurso,https://www.pciconcursos.com.br/noticias/sejusp-mg-abre-concurso-publico-para-policial-penal
ARIS - Agência Reguladora Intermunicipal de Saneamento,,2,"R$ 6930,47",6930.47,Superior,,,,2025-10-21T12:47:59.319577,PCI Concurso,https://www.pciconcursos.com.br/noticias/aris-mg-abre-processo-seletivo-para-profissionais-com-nivel-superior
Câmara de Arceburgo,,9,"R$ 4042,00",4042.0,Superior,,,,2025-10-21T12:47:59.319577,PCI Concurso,https://www.pciconcursos.com.br/noticias/camara-de-arceburgo-mg-publica-edital-retificado-de-concurso-publico
Câmara de Candeias,,5,"R$ 5228,00",5228.0,Superior,,,,2025-10-21T12:47:59.319577,PCI Concurso,https://www.pciconcursos.com.br/noticias/edital-de-concurso-publico-e-divulgado-pela-camara-de-candeias-mg
Câmara de Caranaíba,,1,"R$ 3690,17",3690.17,Superior,,,,2025-10-21T12:47:59.319577,PCI Concurso,https://www.pciconcursos.com.br/noticias/camara-de-caranaiba-mg-promove-concurso-publico-para-controlador-geral
Câmara de Dom Viçoso,,3,"R$ 4011,04",4011.04,Superior,,,,2025-10-21T12:47:59.319577,PCI Concurso,https://www.pciconcursos.com.br/noticias/camara-de-dom-vicoso-mg-abre-tres-vagas-em-novo-concurso-publico
Câmara de Doresópolis,,5,"R$ 3500,00",3500.0,Superior,,,,2025-10-21T12:47:59.319577,PCI Concurso,https://www.pciconcursos.com.br/noticias/camara-de-doresopolis-mg-publica-retificacao-de-concurso-publico
Câmara de Ervália,,2,"R$ 1625,11",1625.11,Médio,,,,2025-10-21T12:47:59.319577,PCI Concurso,https://www.pciconcursos.com.br/noticias/camara-de-ervalia-mg-abre-concurso-publico-para-cargos-de-nivel-fundamental-e-medio
Câmara de Itaú de Minas,,1,"R$ 2377,95",2377.95,Ensino Médio,,,,2025-10-21T12:47:59.319577,PCI Concurso,https://www.pciconcursos.com.br/noticias/camara-de-itau-de-minas-mg-abre-concurso-publico-para-assistente-administrativo
Câmara de Monsenhor Paulo,,1,"R$ 1518,00",1518.0,Fundamental,,,,2025-10-21T12:47:59.319577,PCI Concurso,https://www.pciconcursos.com.br/noticias/concurso-publico-para-auxiliar-de-servicos-gerais-e-divulgado-em-monsenhor-paulo-mg
Câmara de Morro da Garça,,6,"R$ 2737,94",2737.94,Médio,,,,2025-10-21T12:47:59.319577,PCI Concurso,https://www.pciconcursos.com.br/noticias/camara-de-morro-da-garca-mg-abre-seis-vagas-em-novo-concurso-publico
Câmara de Santa Bárbara do Tugúrio,,2,"R$ 3038,33",3038.33,Superior,,,,2025-10-21T12:47:59.324083,PCI Concurso,https://www.pciconcursos.com.br/noticias/camara-de-santa-barbara-do-tugurio-mg-publica-edital-de-concurso-publico
Câmara de Santa Cruz do Escalvado,,3,"R$ 3010,28",3010.28,Superior,,,,2025-10-21T12:47:59.324083,PCI Concurso,https://www.pciconcursos.com.br/noticias/edital-de-concurso-publico-e-divulgado-pela-camara-de-santa-cruz-do-escalvado-mg
Câmara de São José do Divino,,7,"R$ 1752,00",1752.0,Médio,,,,2025-10-21T12:47:59.324083,PCI Concurso,https://www.pciconcursos.com.br/noticias/camara-de-sao-jose-do-divino-mg-promove-concurso-publico
Câmara de São Sebastião do Anta,,4,"R$ 1518,00",1518.0,Fundamental,,,,2025-10-21T12:47:59.324083,PCI Concurso,https://www.pciconcursos.com.br/noticias/camara-de-sao-sebastiao-do-anta-mg-abre-edital-de-concurso-publico-para-cargos-de-nivel-fundamental
Câmara de Tabuleiro,,2,"R$ 3379,17",3379.17,Ensino Médio,,,,2025-10-21T12:47:59.324083,PCI Concurso,https://www.pciconcursos.com.br/noticias/camara-de-tabuleiro-mg-promove-concurso-publico-para-agente-legislativo-e-assistente-administrativo
CISCEN - Consórcio Intermunicipal de Saúde do Centro Nordeste,,5,"R$ 3636,00",3636.0,Superior,,,,2025-10-21T12:47:59.324083,PCI Concurso,https://www.pciconcursos.com.br/noticias/ciscen-mg-abre-processo-seletivo-para-diversos-cargos
CREF6 - Conselho Regional de Educação Física da 6ª Região,,14,"R$ 2280,00",2280.0,Ensino Médio,,,,2025-10-21T12:47:59.324083,PCI Concurso,https://www.pciconcursos.com.br/noticias/cref-da-6-regiao-informa-abertura-das-inscricoes-de-concurso-publico
"FAEPU - Fundação de Assistência, Estudo e Pesquisa de Uberlândia",,0,"R$ 2371,65",2371.65,Fundamental,,,,2025-10-21T12:47:59.324083,PCI Concurso,https://www.pciconcursos.com.br/noticias/faepu-lanca-edital-de-processo-seletivo-para-cargo-de-motorista-de-ambulancia
FHEMIG - Fundação Hospitalar do Estado - Barbacena,,10,"R$ 12.535,72",12535.72,Superior,,,,2025-10-21T12:47:59.324083,PCI Concurso,https://www.pciconcursos.com.br/noticias/fhemig-abre-processo-seletivo-para-medicos-em-barbacena-mg
FHEMIG - Fundação Hospitalar do Estado - Belo Horizonte,,2,"R$ 6680,12",6680.12,Superior,,,,2025-10-21T12:47:59.324083,PCI Concurso,https://www.pciconcursos.com.br/noticias/fhemig-publica-processos-seletivos-para-medicos-em-belo-horizonte-mg
FHEMIG - Fundação Hospitalar do Estado de Minas Gerais,,3,"R$ 6680,12",6680.12,Superior,,,,2025-10-21T12:47:59.324083,PCI Concurso,https://www.pciconcursos.com.br/noticias/fhemig-divulga-processo-seletivo-para-profissionais-de-nivel-superior-em-tres-coracoes
HOB - Hospital Metropolitano Odilon Behrens - Belo Horizonte,,0,"R$ 4356,69",4356.69,Superior,,,,2025-10-21T12:47:59.324083,PCI Concurso,https://www.pciconcursos.com.br/noticias/hospital-metropolitano-odilon-behrens-abre-processo-seletivo-para-farmaceuticos
Município de Tocantins,,2,"R$ 3036,00",3036.0,Ensino Médio,,,,2025-10-21T12:47:59.324083,PCI Concurso,https://www.pciconcursos.com.br/noticias/prefeitura-de-tocantins-mg-lanca-edital-de-processo-seletivo-para-cargo-agente-comunitario-de-saude
PM - Polícia Militar de Minas Gerais,,60,"R$ 11.547,07",11547.07,Superior,,,,2025-10-21T12:47:59.324083,PCI Concurso,https://www.pciconcursos.com.br/noticias/pm-mg-abre-60-vagas-em-novo-concurso-publico
Prefeitura de Alpinópolis,,129,"R$ 5350,36",5350.36,Superior,,,,2025-10-21T12:47:59.324083,PCI Concurso,https://www.pciconcursos.com.br/noticias/prefeitura-de-alpinopolis-mg-publica-retificacao-de-concurso-publico
Prefeitura de Alvorada de Minas,,3,"R$ 17.112,06",17112.06,Superior,,,,2025-10-21T12:47:59.324083,PCI Concurso,https://www.pciconcursos.com.br/noticias/prefeitura-de-alvorada-de-minas-mg-divulga-processo-seletivo-com-remuneracao-de-ate-17-1-mil
Prefeitura de Baependi,,55,"R$ 3036,00",3036.0,Ensino Médio,,,,2025-10-21T12:47:59.324083,PCI Concurso,https://www.pciconcursos.com.br/noticias/prefeitura-de-baependi-mg-divulga-retificacao-de-processo-seletivo
Prefeitura de Belmiro Braga,,18,"R$ 7209,25",7209.25,Superior,,,,2025-10-21T12:47:59.324083,PCI Concurso,https://www.pciconcursos.com.br/noticias/prefeitura-de-belmiro-braga-mg-abre-inscricoes-para-processo-seletivo-e-concurso-publico
Prefeitura de Belo Oriente,,73,"R$ 3036,00",3036.0,Ensino Médio,,,,2025-10-21T12:47:59.324083,PCI Concurso,https://www.pciconcursos.com.br/noticias/prefeitura-de-belo-oriente-mg-abre-processo-seletivo-para-cargos-nivel-medio
Prefeitura de Bom Despacho,,42,"R$ 18.618,42",18618.42,Superior,,,,2025-10-21T12:47:59.324083,PCI Concurso,https://www.pciconcursos.com.br/noticias/prefeitura-de-bom-despacho-mg-divulga-edital-de-processo-seletivo-com-diversos-cargos
Prefeitura de Brasilândia de Minas,,334,"R$ 19.659,95",19659.95,Superior,,,,2025-10-21T12:47:59.324083,PCI Concurso,https://www.pciconcursos.com.br/noticias/prefeitura-de-brasilandia-de-minas-mg-publica-retificacao-de-concurso-publico
Prefeitura de Campos Altos,,0,,0.0,Superior,,,,2025-10-21T12:47:59.324083,PCI Concurso,https://www.pciconcursos.com.br/noticias/prefeitura-de-campos-altos-mg-abre-inscricoes-para-processo-seletivo
Prefeitura de Central de Minas,,5,"R$ 3036,00",3036.0,Ensino Médio,,,,2025-10-21T12:47:59.324083,PCI Concurso,https://www.pciconcursos.com.br/noticias/prefeitura-de-central-de-minas-mg-abre-cinco-vagas-em-novo-processo-seletivo
Prefeitura de Cláudio,,0,"R$ 1661,82",1661.82,Ensino Médio,,,,2025-10-21T12:47:59.324083,PCI Concurso,https://www.pciconcursos.com.br/noticias/prefeitura-de-claudio-mg-publica-processo-seletivo-para-cargo-de-auxiliar-administrativo
Prefeitura de Confins,,2,"R$ 3227,12",3227.12,Superior,,,,2025-10-21T12:47:59.324083,PCI Concurso,https://www.pciconcursos.com.br/noticias/prefeitura-de-confins-mg-abre-duas-vagas-em-novo-processo-seletivo
Prefeitura de Coqueiral,,8,"R$ 3036,00",3036.0,Ensino Médio,,,,2025-10-21T12:47:59.324083,PCI Concurso,https://www.pciconcursos.com.br/noticias/prefeitura-de-coqueiral-mg-lanca-edital-de-processo-seletivo-para-cargos-de-nivel-medio
Prefeitura de Córrego do Bom Jesus,,9,"R$ 3365,69",3365.69,Superior,,,,2025-10-21T12:47:59.324083,PCI Concurso,https://www.pciconcursos.com.br/noticias/prefeitura-de-corrego-do-bom-jesus-mg-retifica-um-dos-processos-seletivos
Prefeitura de Curvelo,,8,"R$ 10.323,49",10323.49,Superior,,,,2025-10-21T12:47:59.324083,PCI Concurso,https://www.pciconcursos.com.br/noticias/prefeitura-de-curvelo-mg-publica-edital-de-processo-seletivo-para-cargos-de-nivel-superior
Prefeitura de Felixlândia,,11,"R$ 2173,14",2173.14,Superior,,,,2025-10-21T12:47:59.324083,PCI Concurso,https://www.pciconcursos.com.br/noticias/prefeitura-de-felixlandia-mg-publica-edital-de-processo-seletivo-para-cargo-de-enfermagem
Prefeitura de Guidoval,,107,"R$ 4500,00",4500.0,Superior,,,,2025-10-21T12:47:59.324083,PCI Concurso,https://www.pciconcursos.com.br/noticias/inscricoes-para-o-novo-concurso-publico-da-prefeitura-de-guidoval-mg-sao-anunciadas
Prefeitura de Igarapé,,49,"R$ 8198,29",8198.29,Superior,,,,2025-10-21T12:47:59.324083,PCI Concurso,https://www.pciconcursos.com.br/noticias/prefeitura-de-igarape-mg-realiza-concurso-publico-com-49-vagas-e-cadastro-reserva
Prefeitura de Iguatama,,202,"R$ 4500,00",4500.0,Superior,,,,2025-10-21T12:47:59.324083,PCI Concurso,https://www.pciconcursos.com.br/noticias/prefeitura-de-iguatama-mg-publica-edital-de-concurso-publico-com-202-vagas
Prefeitura de Imbé de Minas,,260,"R$ 3991,56",3991.56,Superior,,,,2025-10-21T12:47:59.324083,PCI Concurso,https://www.pciconcursos.com.br/noticias/prefeitura-de-imbe-de-minas-mg-publica-retificacao-de-concurso-publico
Prefeitura de Itabira,,38,"R$ 4867,77",4867.77,Superior,,,,2025-10-21T12:47:59.324083,PCI Concurso,https://www.pciconcursos.com.br/noticias/prefeitura-de-itabira-mg-publica-retificacao-de-processo-seletivo
Prefeitura de Itanhandu,,116,"R$ 16.382,32",16382.32,Superior,,,,2025-10-21T12:47:59.324083,PCI Concurso,https://www.pciconcursos.com.br/noticias/prefeitura-de-itanhandu-mg-publica-retificacao-de-concurso-publico
Prefeitura de Itaúna,,0,"R$ 5223,46",5223.46,Superior,,,,2025-10-21T12:47:59.324083,PCI Concurso,https://www.pciconcursos.com.br/noticias/prefeitura-de-itauna-mg-publica-edital-de-processo-seletivo
Prefeitura de Itaverava,,18,"R$ 3036,00",3036.0,Ensino Médio,,,,2025-10-21T12:47:59.324083,PCI Concurso,https://www.pciconcursos.com.br/noticias/prefeitura-de-itaverava-mg-anuncia-processo-seletivo-para-profissionais-de-nivel-medio
Prefeitura de Itumirim,,114,"R$ 12.679,45",12679.45,Superior,,,,2025-10-21T12:47:59.324083,PCI Concurso,https://www.pciconcursos.com.br/noticias/prefeitura-de-itumirim-mg-publica-editais-de-concurso-publico-e-processo-seletivo
Prefeitura de Iturama,,22,"R$ 3036,00",3036.0,Ensino Médio,,,,2025-10-21T12:47:59.324083,PCI Concurso,https://www.pciconcursos.com.br/noticias/prefeitura-de-iturama-mg-divulga-abertura-de-processo-seletivo-para-cargos-de-nivel-medio
Prefeitura de Jequitaí,,100,"R$ 6075,86",6075.86,Superior,,,,2025-10-21T12:47:59.324083,PCI Concurso,https://www.pciconcursos.com.br/noticias/prefeitura-de-jequitai-mg-abre-edital-de-concurso-publico-com-diversas-vagas
Prefeitura de Jequitibá,,7,"R$ 3552,28",3552.28,Superior,,,,2025-10-21T12:47:59.324083,PCI Concurso,https://www.pciconcursos.com.br/noticias/prefeitura-de-jequitiba-mg-abre-sete-vagas-em-novo-processo-seletivo
Prefeitura de João Monlevade,,0,,0.0,Superior,,,,2025-10-21T12:47:59.324083,PCI Concurso,https://www.pciconcursos.com.br/noticias/prefeitura-de-joao-monlevade-mg-abre-processo-seletivo-para-diversos-cargos
Prefeitura de Lagoa da Prata,,143,"R$ 5281,24",5281.24,Superior,,,,2025-10-21T12:47:59.324083,PCI Concurso,https://www.pciconcursos.com.br/noticias/prefeitura-de-lagoa-da-prata-mg-abre-concurso-publico-com-143-vagas
Prefeitura de Lagoa Dourada,,47,"R$ 18.849,08",18849.08,Superior,,,,2025-10-21T12:47:59.324083,PCI Concurso,https://www.pciconcursos.com.br/noticias/prefeitura-de-lagoa-dourada-mg-divulga-editais-de-concurso-publico-e-processo-seletivo
Prefeitura de Lagoa Formosa,,44,"R$ 3569,67",3569.67,Superior,,,,2025-10-21T12:47:59.324083,PCI Concurso,https://www.pciconcursos.com.br/noticias/prefeitura-de-lagoa-formosa-mg-abre-processo-seletivo-com-diversos-cargos
Prefeitura de Leopoldina,,0,"R$ 3807,60",3807.6,Superior,,,,2025-10-21T12:47:59.324083,PCI Concurso,https://www.pciconcursos.com.br/noticias/prefeitura-de-leopoldina-mg-divulga-processo-seletivo-para-profissionais-da-area-da-educacao
Prefeitura de Moeda,,1,"R$ 3036,00",3036.0,Ensino Médio,,,,2025-10-21T12:47:59.324083,PCI Concurso,https://www.pciconcursos.com.br/noticias/prefeitura-de-moeda-mg-publica-processo-seletivo-para-profissionais-de-nivel-medio
Prefeitura de Morro da Garça,,11,"R$ 3036,00",3036.0,Ensino Médio,,,,2025-10-21T12:47:59.324083,PCI Concurso,https://www.pciconcursos.com.br/noticias/prefeitura-de-morro-da-garca-mg-publica-edital-retificado-de-processo-seletivo
Prefeitura de Nova Lima,,50,"R$ 2923,00",2923.0,Ensino Médio,,,,2025-10-21T12:47:59.324083,PCI Concurso,https://www.pciconcursos.com.br/noticias/prefeitura-de-nova-lima-mg-abre-edital-de-processo-seletivo-com-50-vagas
Prefeitura de Olhos D'Água,,17,"R$ 3036,00",3036.0,Ensino Médio,,,,2025-10-21T12:47:59.324083,PCI Concurso,https://www.pciconcursos.com.br/noticias/prefeitura-de-olhos-dagua-mg-abre-17-vagas-em-novo-processo-seletivo
Prefeitura de Paraisópolis,,2,"R$ 3036,00",3036.0,Ensino Médio,,,,2025-10-21T12:47:59.324083,PCI Concurso,https://www.pciconcursos.com.br/noticias/prefeitura-de-paraisopolis-mg-publica-processo-seletivo-para-agente-de-combate-as-endemias
Prefeitura de Passos,,6,"R$ 8429,26",8429.26,Superior,,,,2025-10-21T12:47:59.324083,PCI Concurso,https://www.pciconcursos.com.br/noticias/prefeitura-de-passos-mg-abre-processo-seletivo-para-diversas-areas
Prefeitura de Patrocínio,,0,,0.0,Ensino Médio,,,,2025-10-21T12:47:59.324083,PCI Concurso,https://www.pciconcursos.com.br/noticias/prefeitura-de-patrocinio-mg-publica-processo-seletivo-para-agente-de-apoio-escolar
Prefeitura de Pedra Azul,,6,"R$ 1694,40",1694.4,Ensino Médio,,,,2025-10-21T12:47:59.324083,PCI Concurso,https://www.pciconcursos.com.br/noticias/prefeitura-de-pedra-azul-mg-abre-concurso-publico-para-cargo-de-guarda-civil-municipal
Prefeitura de Pedra do Indaiá,,23,"R$ 6465,60",6465.6,Superior,,,,2025-10-21T12:47:59.324083,PCI Concurso,https://www.pciconcursos.com.br/noticias/prefeitura-de-pedra-do-indaia-mg-retifica-concurso-publico-com-salarios-de-ate-6-4-mil
Prefeitura de Perdões,,0,"R$ 1591,32",1591.32,Fundamental,,,,2025-10-21T12:47:59.329701,PCI Concurso,https://www.pciconcursos.com.br/noticias/prefeitura-de-perdoes-mg-publica-processo-seletivo-para-profissionais-de-nivel-fundamental
Prefeitura de Pitangui,,7,"R$ 3036,00",3036.0,Ensino Médio,,,,2025-10-21T12:47:59.329701,PCI Concurso,https://www.pciconcursos.com.br/noticias/prefeitura-de-pitangui-mg-abre-edital-de-processo-seletivo-para-cargo-de-agente-comunitario-de-saude
Prefeitura de Porto Firme,,6,"R$ 2916,52",2916.52,Superior,,,,2025-10-21T12:47:59.329701,PCI Concurso,https://www.pciconcursos.com.br/noticias/prefeitura-de-porto-firme-mg-abre-concurso-publico-para-cargos-de-niveis-medio-e-superior
Prefeitura de Queluzito,,4,"R$ 3036,00",3036.0,Médio,,,,2025-10-21T12:47:59.329701,PCI Concurso,https://www.pciconcursos.com.br/noticias/prefeitura-de-queluzito-mg-abre-processo-seletivo-para-cargos-de-niveis-fundamental-e-medio
Prefeitura de Rodeiro,,136,"R$ 4108,59",4108.59,Superior,,,,2025-10-21T12:47:59.329701,PCI Concurso,https://www.pciconcursos.com.br/noticias/prefeitura-de-rodeiro-mg-lanca-edital-de-concurso-publico-com-136-vagas
Prefeitura de Santa Bárbara do Monte Verde,,13,"R$ 9726,61",9726.61,Superior,,,,2025-10-21T12:47:59.329701,PCI Concurso,https://www.pciconcursos.com.br/noticias/prefeitura-de-santa-barbara-do-monte-verde-mg-divulga-editais-de-concurso-publico-e-processo-seletivo
Prefeitura de São João do Manteninha,,3,"R$ 3036,00",3036.0,Ensino Médio,,,,2025-10-21T12:47:59.329701,PCI Concurso,https://www.pciconcursos.com.br/noticias/prefeitura-de-sao-joao-do-manteninha-mg-abre-processo-seletivo-para-profissionais-de-nivel-medio
Prefeitura de São Pedro da União,,1,"R$ 1550,00",1550.0,Fundamental,,,,2025-10-21T12:47:59.329701,PCI Concurso,https://www.pciconcursos.com.br/noticias/prefeitura-de-sao-pedro-da-uniao-mg-lanca-processo-seletivo-para-auxiliar-de-servicos-gerais
Prefeitura de Teixeiras,,80,"R$ 4034,05",4034.05,Superior,,,,2025-10-21T12:47:59.329701,PCI Concurso,https://www.pciconcursos.com.br/noticias/prefeitura-de-teixeiras-mg-abre-inscricoes-para-tres-editais-de-processo-seletivo
Prefeitura de Toledo,,220,"R$ 3962,37",3962.37,Superior,,,,2025-10-21T12:47:59.329701,PCI Concurso,https://www.pciconcursos.com.br/noticias/prefeitura-de-toledo-mg-abre-220-vagas-em-novo-concurso-publico
Prefeitura de Três Marias,,40,"R$ 2824,00",2824.0,Ensino Médio,,,,2025-10-21T12:47:59.329701,PCI Concurso,https://www.pciconcursos.com.br/noticias/prefeitura-de-tres-marias-mg-abre-40-vagas-em-novo-processo-seletivo
Prefeitura de Ubaporanga,,7,"R$ 3036,00",3036.0,Ensino Médio,,,,2025-10-21T12:47:59.329701,PCI Concurso,https://www.pciconcursos.com.br/noticias/prefeitura-de-ubaporanga-mg-abre-sete-vagas-em-novo-processo-seletivo
SAAE - Serviço Autônomo de Água e Esgoto,,15,"R$ 5600,17",5600.17,Superior,,,,2025-10-21T12:47:59.329701,PCI Concurso,https://www.pciconcursos.com.br/noticias/saae-de-aimores-mg-abre-inscricoes-para-edital-de-concurso-publico-com-15-vagas
SAAE - Serviço Autônomo de Água e Esgoto de Coqueiral,,5,"R$ 2197,55",2197.55,Superior,,,,2025-10-21T12:47:59.329701,PCI Concurso,https://www.pciconcursos.com.br/noticias/saae-de-coqueiral-mg-publica-edital-de-processo-seletivo
SAAE - Serviço Autônomo de Água e Esgoto do Município de Lambari,,42,"R$ 6631,94",6631.94,Superior,,,,2025-10-21T12:47:59.329701,PCI Concurso,https://www.pciconcursos.com.br/noticias/saae-de-lambari-mg-divulga-retificacao-de-concurso-publico
SAAE - Serviço Autônomo de Saneamento Básico de Itabirito,,20,"R$ 3517,03",3517.03,Fundamental,,,,2025-10-21T12:47:59.329701,PCI Concurso,https://www.pciconcursos.com.br/noticias/saae-de-itabirito-mg-publica-edital-de-processo-seletivo
SAE - Superintendência de Água e Esgoto de Ituiutaba,,27,"R$ 4946,29",4946.29,Médio,,,,2025-10-21T12:47:59.329701,PCI Concurso,https://www.pciconcursos.com.br/noticias/sae-de-ituiutaba-mg-publica-edital-de-concurso-publico-com-27-vagas
SEE - Secretaria de Estado de Educação de Minas Gerais,,0,,0.0,Superior,,,,2025-10-21T12:47:59.329701,PCI Concurso,https://www.pciconcursos.com.br/noticias/see-mg-publica-dois-editais-de-processos-seletivos
TCE - Tribunal de Contas do Estado de Minas Gerais,,30,"R$ 12.502,85",12502.85,Superior,,,,2025-10-21T12:47:59.329701,PCI Concurso,https://www.pciconcursos.com.br/noticias/tce-mg-publica-retificacao-de-concurso-publico
UEMG - Universidade do Estado de Minas Gerais,,2,"R$ 2639,24",2639.24,Ensino Médio,,,,2025-10-21T12:47:59.329701,PCI Concurso,https://www.pciconcursos.com.br/noticias/uemg-divulga-dois-editais-de-processos-seletivos-para-tecnicos-universitarios
Prefeitura de Ibertioga,,151,"R$ 5448,39",5448.39,Superior,Suspenso,,,2025-10-21T12:47:59.329701,PCI Concurso,https://www.pciconcursos.com.br/noticias/prefeitura-de-ibertioga-mg-retifica-certame-com-151-vagas
ALES - Assembleia Legislativa do Estado do Espírito Santo,,35,"R$ 9360,43",9360.43,Superior,,,,2025-10-21T12:47:59.329701,PCI Concurso,https://www.pciconcursos.com.br/noticias/ales-publica-retificacoes-de-concursos-publicos
IASES - Instituto de Atendimento Socioeducativo do Espírito Santo,,8,"R$ 7547,78",7547.78,Superior,,,,2025-10-21T12:47:59.329701,PCI Concurso,https://www.pciconcursos.com.br/noticias/iases-retifica-concursos-publicos-com-mais-de-1-mil-vagas
PC - Polícia Civil do Estado do Espírito Santo,,52,"R$ 8539,34",8539.34,Superior,,,,2025-10-21T12:47:59.329701,PCI Concurso,https://www.pciconcursos.com.br/noticias/policia-civil-do-espirito-santo-abre-concurso-publico-para-oficiais-investigadores-de-policia
Polícia Penal do Estado do Espírito Santo,,600,"R$ 5631,16",5631.16,Ensino Médio,,,,2025-10-21T12:47:59.329701,PCI Concurso,https://www.pciconcursos.com.br/noticias/policia-penal-es-publica-retificacao-de-concurso-publico-com-600-vagas
CIM Guandu - Consórcio Intermunicipal Multifinalitário Guandu,,1,"R$ 1518,00",1518.0,Fundamental,,,,2025-10-21T12:47:59.329701,PCI Concurso,https://www.pciconcursos.com.br/noticias/cim-guandu-es-publica-edital-de-processo-seletivo-para-cargo-de-auxiliar-de-servicos-gerais
Fundação Carmélia Maria de Souza de Cultura e Comunicação Pública,,3,"R$ 4032,00",4032.0,Técnico,,,,2025-10-21T12:47:59.329701,PCI Concurso,https://www.pciconcursos.com.br/noticias/fundacao-carmelia-es-lanca-abertura-de-edital-de-processo-seletivo
"ICEPi - Instituto Capixaba de Ensino, Pesquisa e Inovação em Saúde",,535,"R$ 15.000,00",15000.0,Superior,,,,2025-10-21T12:47:59.329701,PCI Concurso,https://www.pciconcursos.com.br/noticias/icepi-abre-processo-seletivo-para-profissionais-na-area-da-saude
Prefeitura de Alto Rio Novo,,260,"R$ 5120,00",5120.0,Superior,,,,2025-10-21T12:47:59.329701,PCI Concurso,https://www.pciconcursos.com.br/noticias/prefeitura-de-alto-rio-novo-es-abre-concurso-publico-com-diversas-vagas
Prefeitura de Castelo,,0,"R$ 1518,00",1518.0,Médio,,,,2025-10-21T12:47:59.329701,PCI Concurso,https://www.pciconcursos.com.br/noticias/prefeitura-de-castelo-es-publica-edital-de-processo-seletivo-para-formar-cadastro-reserva
Prefeitura de Guaçuí,,39,"R$ 2959,58",2959.58,Superior,,,,2025-10-21T12:47:59.329701,PCI Concurso,https://www.pciconcursos.com.br/noticias/prefeitura-de-guacui-es-divulga-abertura-de-processo-seletivo-com-diversos-cargos
Prefeitura de Ibiraçu,,1,"R$ 1671,91",1671.91,Médio,,,,2025-10-21T12:47:59.329701,PCI Concurso,https://www.pciconcursos.com.br/noticias/prefeitura-de-ibiracu-es-publica-abertura-das-inscricoes-de-processo-seletivo
Prefeitura de João Neiva,,0,"R$ 1566,31",1566.31,Ensino Médio,,,,2025-10-21T12:47:59.332577,PCI Concurso,https://www.pciconcursos.com.br/noticias/prefeitura-de-joao-neiva-es-divulga-processo-seletivo-para-cuidador
Prefeitura de Pedro Canário,,98,"R$ 8500,00",8500.0,Superior,,,,2025-10-21T12:47:59.332577,PCI Concurso,https://www.pciconcursos.com.br/noticias/prefeitura-de-pedro-canario-es-divulga-retificacao-de-concurso-publico
Prefeitura de Rio Novo do Sul,,1,"R$ 1518,00",1518.0,Fundamental,,,,2025-10-21T12:47:59.332577,PCI Concurso,https://www.pciconcursos.com.br/noticias/processo-seletivo-para-mecanico-e-divulgado-pela-prefeitura-de-rio-novo-do-sul-es
Prefeitura de Santa Maria de Jetibá,,3,"R$ 1591,92",1591.92,Ensino Médio,,,,2025-10-21T12:47:59.332577,PCI Concurso,https://www.pciconcursos.com.br/noticias/prefeitura-de-santa-maria-de-jetiba-es-abre-processo-seletivo-para-auxiliar-de-educacao-especial
Prefeitura de Santa Teresa,,5,"R$ 1447,60",1447.6,Fundamental,,,,2025-10-21T12:47:59.332577,PCI Concurso,https://www.pciconcursos.com.br/noticias/prefeitura-de-santa-teresa-es-abre-processo-seletivo-para-cargos-de-nivel-fundamental
Prefeitura de São José do Calçado,,74,"R$ 2817,85",2817.85,Superior,,,,2025-10-21T12:47:59.332577,PCI Concurso,https://www.pciconcursos.com.br/noticias/prefeitura-de-sao-jose-do-calcado-es-republica-edital-de-concurso-publico
Prefeitura de Vitória,,33,"R$ 1889,32",1889.32,Fundamental,,,,2025-10-21T12:47:59.332577,PCI Concurso,https://www.pciconcursos.com.br/noticias/prefeitura-de-vitoria-es-lanca-edital-de-processo-seletivo-com-33-vagas
Sedu - Secretaria de Estado da Educação do Espírito Santo,,0,"R$ 6289,14",6289.14,Superior,,,,2025-10-21T12:47:59.332577,PCI Concurso,https://www.pciconcursos.com.br/noticias/sedu-es-publica-abertura-de-edital-de-processo-seletivo-para-cargos-de-nivel-superior
SEGER - Secretaria de Estado de Gestão e Recursos Humanos,,5,"R$ 5589,89",5589.89,Superior,,,,2025-10-21T12:47:59.332577,PCI Concurso,https://www.pciconcursos.com.br/noticias/seger-es-publica-edital-de-processo-seletivo
Prefeitura de Cambará,,21,"R$ 2351,48",2351.48,Ensino Médio,,,,2025-10-21T12:47:59.332577,PCI Concurso,https://www.pciconcursos.com.br/noticias/prefeitura-de-cambara-pr-abre-concurso-publico-com-21-vagas
Prefeitura de Mandaguari,,20,"R$ 2500,00",2500.0,Ensino Médio,Aberto,,,2025-10-21T12:47:59.332577,PCI Concurso,https://www.pciconcursos.com.br/noticias/prefeitura-de-mandaguari-pr-reabre-inscricoes-de-concurso-publico-para-guarda-civil-municipal
Prefeitura de Palotina,,80,"R$ 18.801,94",18801.94,Superior,,,,2025-10-21T12:47:59.332577,PCI Concurso,https://www.pciconcursos.com.br/noticias/prefeitura-de-palotina-pr-publica-retificacao-de-concurso-publico
SEAP - Secretaria Estadual da Administração e da Previdência,,57,"R$ 8463,20",8463.2,Superior,,,,2025-10-21T12:47:59.332577,PCI Concurso,https://www.pciconcursos.com.br/noticias/seap-pr-publica-concurso-publico-com-57-vagas
Câmara de Mangueirinha,,1,"R$ 3170,75",3170.75,Ensino Médio,,,,2025-10-21T12:47:59.332577,PCI Concurso,https://www.pciconcursos.com.br/noticias/camara-de-mangueirinha-pr-abre-concurso-publico-para-atendente-legislativo
Câmara de Piraquara,,6,"R$ 4209,73",4209.73,Superior,,,,2025-10-21T12:47:59.332577,PCI Concurso,https://www.pciconcursos.com.br/noticias/camara-de-piraquara-pr-prorroga-inscricoes-para-concurso-publico
CIASOP - Consórcio Intermunicipal de Assistência Social do Oeste do Paraná,,16,"R$ 4500,00",4500.0,Superior,,,,2025-10-21T12:47:59.332577,PCI Concurso,https://www.pciconcursos.com.br/noticias/ciasop-promove-concurso-para-emprego-publico-com-16-vagas
Consamu - Consórcio de Saúde dos Municípios do Oeste do Paraná,,45,"R$ 12.803,12",12803.12,Superior,,,,2025-10-21T12:47:59.332577,PCI Concurso,https://www.pciconcursos.com.br/noticias/consamu-pr-divulga-abertura-de-processo-seletivo-com-diversas-vagas
CRM - Conselho Regional de Medicina do Estado do Paraná,,15,"R$ 19.612,84",19612.84,Superior,,,,2025-10-21T12:47:59.332577,PCI Concurso,https://www.pciconcursos.com.br/noticias/crm-pr-abre-concurso-publico-para-diversas-cidades-do-parana
Prefeitura de Balsa Nova,,1,"R$ 5356,31",5356.31,Superior,,,,2025-10-21T12:47:59.332577,PCI Concurso,https://www.pciconcursos.com.br/noticias/prefeitura-de-balsa-nova-pr-abre-processo-seletivo-para-cargo-de-fonoaudiologo
Prefeitura de Campina do Simão,,0,"R$ 3576,28",3576.28,Superior,,,,2025-10-21T12:47:59.332577,PCI Concurso,https://www.pciconcursos.com.br/noticias/prefeitura-de-campina-do-simao-pr-abre-concurso-publico-para-cadastro-de-reserva
Prefeitura de Campo Largo,,8,"R$ 9099,53",9099.53,Superior,,,,2025-10-21T12:47:59.332577,PCI Concurso,https://www.pciconcursos.com.br/noticias/prefeitura-de-campo-largo-pr-publica-edital-de-concurso-publico-com-diversos-cargos
Prefeitura de Campo Magro,,14,"R$ 19.978,00",19978.0,Superior,,,,2025-10-21T12:47:59.332577,PCI Concurso,https://www.pciconcursos.com.br/noticias/prefeitura-de-campo-magro-pr-abre-edital-de-processo-seletivo-para-cargo-de-medico-plantonista
Prefeitura de Carambeí,,23,"R$ 7739,54",7739.54,Superior,,,,2025-10-21T12:47:59.332577,PCI Concurso,https://www.pciconcursos.com.br/noticias/prefeitura-de-carambei-pr-publica-edital-de-concurso-publico-com-23-vagas
Prefeitura de Coronel Vivida,,3,"R$ 4253,43",4253.43,Superior,,,,2025-10-21T12:47:59.332577,PCI Concurso,https://www.pciconcursos.com.br/noticias/prefeitura-de-coronel-vivida-pr-abre-novo-processo-seletivo-para-assistente-social
Prefeitura de Curitiba,,100,"R$ 2671,14",2671.14,Ensino Médio,,,,2025-10-21T12:47:59.332577,PCI Concurso,https://www.pciconcursos.com.br/noticias/prefeitura-de-curitiba-pr-abre-edital-de-concurso-publico-com-100-vagas
Prefeitura de Curiúva,,3,"R$ 5545,98",5545.98,Superior,,,,2025-10-21T12:47:59.332577,PCI Concurso,https://www.pciconcursos.com.br/noticias/prefeitura-de-curiuva-pr-abre-processo-seletivo-com-salarios-de-ate-5-5-mil
Prefeitura de Irati,,5,"R$ 5200,00",5200.0,Superior,,,,2025-10-21T12:47:59.332577,PCI Concurso,https://www.pciconcursos.com.br/noticias/prefeitura-de-irati-pr-anuncia-5-vagas-em-novo-processo-seletivo
Prefeitura de Itaúna do Sul,,1,"R$ 3948,68",3948.68,Superior,,,,2025-10-21T12:47:59.332577,PCI Concurso,https://www.pciconcursos.com.br/noticias/prefeitura-de-itauna-do-sul-pr-abre-edital-de-processo-seletivo-para-cargos-de-niveis-fundamental-e-superior
Prefeitura de Manoel Ribas,,2,"R$ 5880,58",5880.58,Superior,,,,2025-10-21T12:47:59.332577,PCI Concurso,https://www.pciconcursos.com.br/noticias/prefeitura-de-manoel-ribas-pr-divulga-concurso-publico-para-cargos-de-nivel-superior
Prefeitura de Mato Rico,,18,"R$ 6105,60",6105.6,Superior,,,,2025-10-21T12:47:59.332577,PCI Concurso,https://www.pciconcursos.com.br/noticias/prefeitura-de-mato-rico-pr-abre-processo-seletivo-com-18-vagas
Prefeitura de Morretes,,0,"R$ 4750,00",4750.0,Superior,,,,2025-10-21T12:47:59.332577,PCI Concurso,https://www.pciconcursos.com.br/noticias/prefeitura-de-morretes-pr-publica-processo-seletivo-para-a-fundacao-de-atencao-em-saude
Prefeitura de Nova Aurora,,35,"R$ 23.900,00",23900.0,Superior,,,,2025-10-21T12:47:59.332577,PCI Concurso,https://www.pciconcursos.com.br/noticias/prefeitura-de-nova-aurora-pr-abre-edital-de-concurso-publico-com-diversas-vagas
Prefeitura de Paula Freitas,,1,"R$ 4411,69",4411.69,Superior,,,,2025-10-21T12:47:59.332577,PCI Concurso,https://www.pciconcursos.com.br/noticias/prefeitura-de-paula-freitas-pr-abre-processo-seletivo-para-assistente-social
Prefeitura de Porto Vitória,,9,"R$ 6320,34",6320.34,Superior,,,,2025-10-21T12:47:59.332577,PCI Concurso,https://www.pciconcursos.com.br/noticias/prefeitura-de-porto-vitoria-pr-abre-processo-seletivo-com-diversas-oportunidades
Prefeitura de Prudentópolis,,5,"R$ 15.747,54",15747.54,Superior,,,,2025-10-21T12:47:59.332577,PCI Concurso,https://www.pciconcursos.com.br/noticias/prefeitura-de-prudentopolis-pr-abre-processo-seletivo-para-cargos-de-niveis-medio-e-superior
Prefeitura de Quatiguá,,31,"R$ 20.718,06",20718.06,Superior,,,,2025-10-21T12:47:59.332577,PCI Concurso,https://www.pciconcursos.com.br/noticias/prefeitura-de-quatigua-pr-promove-concurso-publico-com-31-vagas
Prefeitura de Santo Inácio,,25,"R$ 4091,20",4091.2,Superior,,,,2025-10-21T12:47:59.332577,PCI Concurso,https://www.pciconcursos.com.br/noticias/prefeitura-de-santo-inacio-pr-abre-edital-de-concurso-publico-com-diversos-cargos
Prefeitura de São José da Boa Vista,,8,"R$ 2334,23",2334.23,Fundamental,,,,2025-10-21T12:47:59.332577,PCI Concurso,https://www.pciconcursos.com.br/noticias/prefeitura-de-sao-jose-da-boa-vista-pr-divulga-processo-seletivo-para-cargos-de-nivel-fundamental
Prefeitura de Teixeira Soares,,16,"R$ 4867,77",4867.77,Superior,,,,2025-10-21T12:47:59.332577,PCI Concurso,https://www.pciconcursos.com.br/noticias/prefeitura-de-teixeira-soares-pr-retifica-concurso-publico-com-salarios-de-ate-4-8-mil
SAAE - Serviço Autônomo de Água e Esgoto de Bandeirantes,,6,"R$ 2590,90",2590.9,Médio,,,,2025-10-21T12:47:59.332577,PCI Concurso,https://www.pciconcursos.com.br/noticias/saae-de-bandeirantes-pr-lanca-concurso-publico-para-cargos-de-niveis-fundamental-e-medio
SEFA - Secretária de Estado da Fazenda do Paraná,,60,"R$ 12.960,00",12960.0,Superior,,,,2025-10-21T12:47:59.332577,PCI Concurso,https://www.pciconcursos.com.br/noticias/sefa-pr-anuncia-abertura-de-concurso-publico-para-cargos-de-nivel-superior
UEL - Universidade Estadual de Londrina,,1,"R$ 7616,88",7616.88,Superior,,,,2025-10-21T12:47:59.332577,PCI Concurso,https://www.pciconcursos.com.br/noticias/uel-lanca-edital-de-processo-seletivo-para-cargo-de-analista-de-informatica
CORE - Conselho Regional dos Representantes Comerciais no Estado do Rio Grande do Sul,,4,"R$ 5000,00",5000.0,Médio,,,,2025-10-21T12:47:59.332577,PCI Concurso,https://www.pciconcursos.com.br/noticias/core-rs-retifica-concurso-publico-com-oito-vagas-em-quatro-cidades-do-rio-grande-do-sul
Câmara de Nova Hartz,,1,"R$ 4340,67",4340.67,Médio,,,,2025-10-21T12:47:59.332577,PCI Concurso,https://www.pciconcursos.com.br/noticias/camara-de-nova-hartz-rs-divulga-processo-seletivo-para-tecnico-contabil
CBM - Corpo de Bombeiros Militar do Estado do Rio Grande do Sul,,544,"R$ 4572,96",4572.96,Ensino Médio,,,,2025-10-21T12:47:59.332577,PCI Concurso,https://www.pciconcursos.com.br/noticias/cbm-rs-lanca-edital-de-processo-seletivo-com-544-vagas
CREF - Conselho Regional de Educação Física - 2ª Região,,6,"R$ 5100,00",5100.0,Superior,,,,2025-10-21T12:47:59.332577,PCI Concurso,https://www.pciconcursos.com.br/noticias/cref2-rs-publica-concurso-publico-com-salarios-de-ate-5-1-mil
ELETROCAR - Centrais Elétricas de Carazinho S.A.,,15,"R$ 3366,34",3366.34,Ensino Médio,,,,2025-10-21T12:47:59.332577,PCI Concurso,https://www.pciconcursos.com.br/noticias/eletrocar-rs-promove-concurso-publico-para-profissionais-de-nivel-medio
FHGV - Fundação Hospitalar Getúlio Vargas,,1,"R$ 14.065,63",14065.63,Superior,,,,2025-10-21T12:47:59.332577,PCI Concurso,https://www.pciconcursos.com.br/noticias/fhgv-rs-publica-edital-de-processo-seletivo
HCPA - Hospital de Clínicas de Porto Alegre,,0,"R$ 9409,08",9409.08,Superior,,,,2025-10-21T12:47:59.332577,PCI Concurso,https://www.pciconcursos.com.br/noticias/hcpa-anuncia-abertura-de-dois-editais-de-processo-seletivo-para-formar-cadastro-reserva
ICMBio - Instituto Chico Mendes de Conservação da Biodiversidade,,2,,0.0,Fundamental,,,,2025-10-21T12:47:59.332577,PCI Concurso,https://www.pciconcursos.com.br/noticias/icmbio-divulga-processo-seletivo-para-agente-temporario-ambiental-em-sao-francisco-de-paula-rs
IGP - Instituto Geral de Perícias,,234,"R$ 17.078,17",17078.17,Superior,,,,2025-10-21T12:47:59.332577,PCI Concurso,https://www.pciconcursos.com.br/noticias/igp-rs-promove-concurso-publico-com-salarios-de-ate-17-mil
PC - Polícia Civil,,30,,0.0,Superior,,,,2025-10-21T12:47:59.332577,PCI Concurso,https://www.pciconcursos.com.br/noticias/pc-rs-abre-concurso-publico-para-delegado
Prefeitura de Arroio do Padre,,19,"R$ 5532,12",5532.12,Superior,,,,2025-10-21T12:47:59.332577,PCI Concurso,https://www.pciconcursos.com.br/noticias/prefeitura-de-arroio-do-padre-rs-divulga-retificacao-de-concurso-publico
Prefeitura de Benjamin Constant do Sul,,29,"R$ 6108,79",6108.79,Superior,,,,2025-10-21T12:47:59.332577,PCI Concurso,https://www.pciconcursos.com.br/noticias/prefeitura-de-benjamin-constant-do-sul-rs-abre-edital-de-concurso-publico-com-diversos-cargos
Prefeitura de Boa Vista do Sul,,1,"R$ 2974,96",2974.96,Médio,,,,2025-10-21T12:47:59.332577,PCI Concurso,https://www.pciconcursos.com.br/noticias/prefeitura-de-boa-vista-do-sul-rs-divulga-processo-seletivo-para-tecnico-em-enfermagem
Prefeitura de Canoas,,436,"R$ 6146,02",6146.02,Superior,,,,2025-10-21T12:47:59.332577,PCI Concurso,https://www.pciconcursos.com.br/noticias/prefeitura-de-canoas-rs-abre-edital-de-concurso-publico-com-diversas-vagas
Prefeitura de Doutor Maurício Cardoso,,1,"R$ 3212,80",3212.8,Superior,,,,2025-10-21T12:47:59.332577,PCI Concurso,https://www.pciconcursos.com.br/noticias/prefeitura-de-doutor-mauricio-cardoso-rs-publica-processo-seletivo-para-licenciador-ambiental
Prefeitura de Erechim,,2,"R$ 6918,39",6918.39,Superior,,,,2025-10-21T12:47:59.332577,PCI Concurso,https://www.pciconcursos.com.br/noticias/prefeitura-de-erechim-rs-divulga-processo-seletivo-para-medico-psiquiatra
Prefeitura de Feliz,,7,"R$ 2998,84",2998.84,Médio,,,,2025-10-21T12:47:59.332577,PCI Concurso,https://www.pciconcursos.com.br/noticias/prefeitura-de-feliz-rs-abre-sete-vagas-em-novo-processo-seletivo
Prefeitura de Flores da Cunha,,1,"R$ 2266,40",2266.4,Fundamental,,,,2025-10-21T12:47:59.332577,PCI Concurso,https://www.pciconcursos.com.br/noticias/prefeitura-de-flores-da-cunha-rs-divulga-inscricoes-para-processo-seletivo
Prefeitura de Guaporé,,24,"R$ 7217,18",7217.18,Superior,,,,2025-10-21T12:47:59.332577,PCI Concurso,https://www.pciconcursos.com.br/noticias/edital-de-concurso-publico-e-publicado-pela-prefeitura-de-guapore-rs
Prefeitura de Imbé,,47,"R$ 6467,71",6467.71,Superior,,,,2025-10-21T12:47:59.332577,PCI Concurso,https://www.pciconcursos.com.br/noticias/prefeitura-de-imbe-rs-anuncia-abertura-de-concurso-publico-com-diversos-cargos
Prefeitura de Itatiba do Sul,,21,"R$ 4150,80",4150.8,Superior,,,,2025-10-21T12:47:59.332577,PCI Concurso,https://www.pciconcursos.com.br/noticias/prefeitura-de-itatiba-do-sul-rs-publica-retificacao-de-concurso-publico
Prefeitura de Nova Candelária,,0,"R$ 3349,74",3349.74,Superior,,,,2025-10-21T12:47:59.332577,PCI Concurso,https://www.pciconcursos.com.br/noticias/prefeitura-de-nova-candelaria-rs-abre-processo-seletivo-para-cargo-de-assistente-social
Prefeitura de Novo Machado,,17,"R$ 26.857,76",26857.76,Superior,,,,2025-10-21T12:47:59.332577,PCI Concurso,https://www.pciconcursos.com.br/noticias/prefeitura-de-novo-machado-rs-abre-17-vagas-em-novo-concurso-publico
Prefeitura de Pedras Altas,,2,"R$ 3778,36",3778.36,Superior,,,,2025-10-21T12:47:59.332577,PCI Concurso,https://www.pciconcursos.com.br/noticias/prefeitura-de-pedras-altas-rs-abre-processo-seletivo-para-diversas-areas
Prefeitura de Pelotas,,46,"R$ 4243,27",4243.27,Superior,,,,2025-10-21T12:47:59.332577,PCI Concurso,https://www.pciconcursos.com.br/noticias/prefeitura-de-pelotas-rs-abre-concurso-publico-para-cargos-de-nivel-superior
Prefeitura de Picada Café,,0,"R$ 18.519,11",18519.11,Superior,,,,2025-10-21T12:47:59.332577,PCI Concurso,https://www.pciconcursos.com.br/noticias/prefeitura-de-picada-cafe-rs-abre-concurso-publico-com-diversas-oportunidades
Prefeitura de Pinhal,,36,"R$ 6572,50",6572.5,Superior,,,,2025-10-21T12:47:59.332577,PCI Concurso,https://www.pciconcursos.com.br/noticias/prefeitura-de-pinhal-rs-retifica-concurso-publico-com-salarios-de-ate-6-5-mil
Prefeitura de Piratini,,12,"R$ 6190,07",6190.07,Superior,,,,2025-10-21T12:47:59.332577,PCI Concurso,https://www.pciconcursos.com.br/noticias/prefeitura-de-piratini-rs-abre-12-vagas-em-novo-processo-seletivo
Prefeitura de Porto Alegre,,39,"R$ 12.846,54",12846.54,Superior,,,,2025-10-21T12:47:59.332577,PCI Concurso,https://www.pciconcursos.com.br/noticias/prefeitura-de-porto-alegre-rs-publica-edital-de-concurso-publico
Prefeitura de Rio Grande,,60,"R$ 3036,00",3036.0,Ensino Médio,,,,2025-10-21T12:47:59.332577,PCI Concurso,https://www.pciconcursos.com.br/noticias/prefeitura-de-rio-grande-rs-abre-60-vagas-em-novo-processo-seletivo
Prefeitura de Salto do Jacuí,,1,"R$ 1518,00",1518.0,Fundamental,,,,2025-10-21T12:47:59.332577,PCI Concurso,https://www.pciconcursos.com.br/noticias/prefeitura-de-salto-do-jacui-rs-abre-processo-seletivo-para-auxiliar-de-cozinha
Prefeitura de Sant'Ana do Livramento,,30,"R$ 2855,92",2855.92,Ensino Médio,,,,2025-10-21T12:47:59.339493,PCI Concurso,https://www.pciconcursos.com.br/noticias/prefeitura-de-santana-do-livramento-rs-divulga-concurso-publico-para-guarda-civil-municipal
Prefeitura de Santa Cruz do Sul,,1,"R$ 3933,03",3933.03,Ensino Médio,,,,2025-10-21T12:47:59.339493,PCI Concurso,https://www.pciconcursos.com.br/noticias/prefeitura-de-santa-cruz-do-sul-rs-publica-processo-seletivo-para-almoxarife
Prefeitura de Santo Antônio da Patrulha,,0,"R$ 3894,22",3894.22,Superior,,,,2025-10-21T12:47:59.339493,PCI Concurso,https://www.pciconcursos.com.br/noticias/prefeitura-de-santo-antonio-da-patrulha-rs-abre-edital-de-processo-seletivo-para-cargos-de-nivel-superior
Prefeitura de São Miguel das Missões,,1,"R$ 3563,64",3563.64,Superior,,,,2025-10-21T12:47:59.339493,PCI Concurso,https://www.pciconcursos.com.br/noticias/prefeitura-de-sao-miguel-das-missoes-rs-retifica-edital-de-concurso-publico-para-cargo-de-fonoaudiologo
Prefeitura de Soledade,,63,"R$ 11.676,40",11676.4,Superior,,,,2025-10-21T12:47:59.339493,PCI Concurso,https://www.pciconcursos.com.br/noticias/prefeitura-de-soledade-rs-anuncia-63-vagas-em-novo-concurso-publico
Prefeitura de Taquara,,10,"R$ 3036,00",3036.0,Ensino Médio,,,,2025-10-21T12:47:59.339493,PCI Concurso,https://www.pciconcursos.com.br/noticias/prefeitura-de-taquara-rs-publica-retificacao-processo-seletivo-para-profissionais-de-nivel-medio
Prefeitura de Três de Maio,,57,"R$ 6640,54",6640.54,Superior,,,,2025-10-21T12:47:59.339493,PCI Concurso,https://www.pciconcursos.com.br/noticias/prefeitura-de-tres-de-maio-rs-abre-inscricoes-para-edital-de-concurso-publico-com-57-vagas
Prefeitura de Tupandi,,30,"R$ 14.779,03",14779.03,Superior,,,,2025-10-21T12:47:59.339493,PCI Concurso,https://www.pciconcursos.com.br/noticias/prefeitura-de-tupandi-rs-promove-concurso-publico-com-salarios-de-ate-14-7-mil
Prefeitura de Venâncio Aires - Venâncio Aires/RS,,44,"R$ 11.735,25",11735.25,Superior,,,,2025-10-21T12:47:59.339493,PCI Concurso,https://www.pciconcursos.com.br/noticias/prefeitura-de-venancio-aires-rs-publica-concurso-publico-com-salarios-de-ate-11-7-mil
Prefeitura de Victor Graeff,,0,"R$ 1781,92",1781.92,Fundamental,,,,2025-10-21T12:47:59.339493,PCI Concurso,https://www.pciconcursos.com.br/noticias/processo-seletivo-para-auxiliar-de-limpeza-externa-e-divulgado-pela-prefeitura-de-victor-graeff-rs
UFPel - Universidade Federal de Pelotas,,9,"R$ 9523,96",9523.96,Superior,,,,2025-10-21T12:47:59.339493,PCI Concurso,https://www.pciconcursos.com.br/noticias/ufpel-abre-nove-vagas-em-novo-concurso-publico
Prefeitura de Joinville,,155,"R$ 10.166,36",10166.36,Superior,,,,2025-10-21T12:47:59.339493,PCI Concurso,https://www.pciconcursos.com.br/noticias/prefeitura-de-joinville-sc-publica-retificacoes-de-concurso-publico
Prefeitura de São José,,20,"R$ 11.208,61",11208.61,Superior,,,,2025-10-21T12:47:59.339493,PCI Concurso,https://www.pciconcursos.com.br/noticias/prefeitura-de-sao-jose-sc-divulga-retificacao-de-concurso-publico
Câmara de Bom Jesus do Oeste,,1,"R$ 1700,00",1700.0,Ensino Médio,,,,2025-10-21T12:47:59.339493,PCI Concurso,https://www.pciconcursos.com.br/noticias/camara-de-bom-jesus-do-oeste-sc-abre-edital-de-concurso-publico-para-cargo-de-nivel-medio
Câmara de Campo Belo do Sul,,2,"R$ 2779,80",2779.8,Superior,,,,2025-10-21T12:47:59.339493,PCI Concurso,https://www.pciconcursos.com.br/noticias/camara-de-campo-belo-do-sul-sc-retifica-concurso-publico-para-assessor-legislativo-e-contador
Câmara de Vereadores de Bom Jardim da Serra,,2,"R$ 4458,08",4458.08,Superior,,,,2025-10-21T12:47:59.339493,PCI Concurso,https://www.pciconcursos.com.br/noticias/camara-de-bom-jardim-da-serra-sc-abre-duas-vagas-em-novo-concurso-publico
Cãmara Municipal de Sul Brasil,,4,"R$ 4400,00",4400.0,Superior,,,,2025-10-21T12:47:59.339493,PCI Concurso,https://www.pciconcursos.com.br/noticias/camara-de-sul-brasil-sc-anuncia-concurso-publico-com-quatro-vagas
CIDIRIOS - Consórcio Intermunicipal de Desenvolvimento da Infraestrutura Rodoviária Entre os Rios,,0,"R$ 4250,40",4250.4,Fundamental,,,,2025-10-21T12:47:59.339493,PCI Concurso,https://www.pciconcursos.com.br/noticias/cidirios-publica-processo-seletivo-para-profissionais-alfabetizados
CIS-AMFRI - Consórcio Intermunicipal de Saúde da Região da Foz do Rio Itajaí,,2,"R$ 11.135,94",11135.94,Superior,,,,2025-10-21T12:47:59.341164,PCI Concurso,https://www.pciconcursos.com.br/noticias/cis-amfri-publica-processo-seletivo-para-contador-e-controlador-interno
CISAMOSC - Consórcio Interfederativo De Saúde Do Oeste De Santa Catarina,,2,"R$ 8379,65",8379.65,Superior,,,,2025-10-21T12:47:59.341164,PCI Concurso,https://www.pciconcursos.com.br/noticias/cisamosc-retifica-concurso-publico-com-vagas-para-diversas-areas-de-atuacao
Companhia Águas de Joinville,,0,"R$ 7646,13",7646.13,Superior,,,,2025-10-21T12:47:59.341164,PCI Concurso,https://www.pciconcursos.com.br/noticias/companhia-aguas-de-joinville-sc-abre-concurso-publico-para-diversos-niveis-de-escolaridade
Companhia Hidromineral de Piratuba,,3,"R$ 2705,59",2705.59,Médio,,,,2025-10-21T12:47:59.341164,PCI Concurso,https://www.pciconcursos.com.br/noticias/companhia-hidromineral-de-piratuba-sc-abre-inscricoes-para-edital-de-concurso-publico
FAHECE - Fundação de Apoio ao Hemosc/ Cepon,,2,"R$ 2494,30",2494.3,Ensino Médio,,,,2025-10-21T12:47:59.341164,PCI Concurso,https://www.pciconcursos.com.br/noticias/fahece-abre-dois-processos-seletivos-no-samu-de-sao-joaquim-e-tubarao
FAHECE - Fundação de Apoio ao Hemosc/ Cepon - Blumenau,,0,,0.0,Fundamental,,,,2025-10-21T12:47:59.341164,PCI Concurso,https://www.pciconcursos.com.br/noticias/fahece-sc-divulga-edital-de-processo-seletivo-para-auxiliar-de-higienizacao-em-blumenau
FAHECE - Fundação de Apoio ao Hemosc/ Cepon - Criciúma,,1,"R$ 1943,97",1943.97,Fundamental,,,,2025-10-21T12:47:59.341164,PCI Concurso,https://www.pciconcursos.com.br/noticias/fahece-sc-abre-processo-seletivo-para-auxiliar-de-higienizacao-no-hemosc-de-criciuma
FAHECE - Fundação de Apoio ao Hemosc/ Cepon - Florianópolis,,1,"R$ 3572,95",3572.95,Superior,,,,2025-10-21T12:47:59.341164,PCI Concurso,https://www.pciconcursos.com.br/noticias/fahece-sc-publica-processo-seletivo-para-assistente-contabil-iii-no-cepon-de-florianopolis
Fahece - Fundação de Apoio ao HEMOSC/CEPON,,2,"R$ 1877,30",1877.3,Ensino Médio,,,,2025-10-21T12:47:59.341164,PCI Concurso,https://www.pciconcursos.com.br/noticias/fahece-publica-processo-seletivo-para-cargo-de-auxiliar-de-higienizacao
FAHECE - Fundação de Apoio ao Hemosc/Cepon - Blumenau,,1,"R$ 2518,46",2518.46,Ensino Médio,,,,2025-10-21T12:47:59.341164,PCI Concurso,https://www.pciconcursos.com.br/noticias/fahece-abre-processo-seletivo-no-samu-de-blumenau-sc
HEMOSC/CEPON,,1,"R$ 4786,20",4786.2,Superior,,,,2025-10-21T12:47:59.341164,PCI Concurso,https://www.pciconcursos.com.br/noticias/fahece-abre-processo-seletivo-para-enfermeiro-i-uti-em-florianopolis-sc
IMAS - Instituto Maria Schmitt,,0,,0.0,Superior,,,,2025-10-21T12:47:59.341164,PCI Concurso,https://www.pciconcursos.com.br/noticias/imas-abre-processo-seletivo-para-medico-plantonista-em-santa-catarina
IMAS - Instituto Maria Schmitt - Araranguá,,0,,0.0,Superior,,,,2025-10-21T12:47:59.343220,PCI Concurso,https://www.pciconcursos.com.br/noticias/imas-divulga-novo-processo-seletivo-para-medico-especialista
Prefeitura de Abelardo Luz,,4,"R$ 10.626,00",10626.0,Superior,,,,2025-10-21T12:47:59.343220,PCI Concurso,https://www.pciconcursos.com.br/noticias/prefeitura-de-abelardo-luz-sc-abre-concurso-publico-com-salarios-de-ate-10-6-mil
Prefeitura de Águas Frias,,0,"R$ 12.114,18",12114.18,Superior,,,,2025-10-21T12:47:59.343220,PCI Concurso,https://www.pciconcursos.com.br/noticias/prefeitura-de-aguas-frias-sc-abre-edital-de-processo-seletivo-para-formar-cadastro-reserva
Prefeitura de Anchieta,,0,"R$ 26.540,30",26540.3,Superior,,,,2025-10-21T12:47:59.343220,PCI Concurso,https://www.pciconcursos.com.br/noticias/prefeitura-de-anchieta-sc-lanca-edital-de-novo-processo-seletivo
Prefeitura de Apiúna,,0,"R$ 4917,57",4917.57,Superior,,,,2025-10-21T12:47:59.343220,PCI Concurso,https://www.pciconcursos.com.br/noticias/prefeitura-de-apiuna-sc-divulga-edital-de-processo-seletivo-com-salarios-de-ate-4-9-mil
Prefeitura de Arabutã,,12,"R$ 6396,72",6396.72,Superior,,,,2025-10-21T12:47:59.343220,PCI Concurso,https://www.pciconcursos.com.br/noticias/prefeitura-de-arabuta-sc-promove-concurso-publico-com-salarios-de-ate-6-3-mil
Prefeitura de Balneário Camboriú,,0,"R$ 5673,84",5673.84,Superior,,,,2025-10-21T12:47:59.343220,PCI Concurso,https://www.pciconcursos.com.br/noticias/prefeitura-de-balneario-camboriu-sc-publica-retificacao-de-processo-seletivo
Prefeitura de Balneário Piçarras,,4,"R$ 5110,72",5110.72,Superior,,,,2025-10-21T12:47:59.343220,PCI Concurso,https://www.pciconcursos.com.br/noticias/prefeitura-de-balneario-picarras-sc-abre-quatro-vagas-em-novo-processo-seletivo
Prefeitura de Bandeirante,,1,"R$ 5932,15",5932.15,Superior,,,,2025-10-21T12:47:59.343220,PCI Concurso,https://www.pciconcursos.com.br/noticias/prefeitura-de-bandeirante-sc-promove-concurso-publico-com-salarios-de-ate-5-9-mil
Prefeitura de Bocaina do Sul,,0,"R$ 3795,50",3795.5,Superior,,,,2025-10-21T12:47:59.343220,PCI Concurso,https://www.pciconcursos.com.br/noticias/prefeitura-de-bocaina-do-sul-sc-lanca-abertura-de-edital-de-processo-seletivo
Prefeitura de Bom Jesus do Oeste,,20,"R$ 20.435,27",20435.27,Superior,,,,2025-10-21T12:47:59.343220,PCI Concurso,https://www.pciconcursos.com.br/noticias/prefeitura-de-bom-jesus-do-oeste-sc-retifica-concurso-publico-e-processo-seletivo-para-diversos-niveis-de-ensino
Prefeitura de Bombinhas,,1,"R$ 11.011,15",11011.15,Superior,,,,2025-10-21T12:47:59.343220,PCI Concurso,https://www.pciconcursos.com.br/noticias/prefeitura-de-bombinhas-sc-divulga-retificacao-de-processo-seletivo-com-salarios-de-ate-11-mil
Prefeitura de Brusque,,30,"R$ 21.097,31",21097.31,Superior,,,,2025-10-21T12:47:59.343220,PCI Concurso,https://www.pciconcursos.com.br/noticias/prefeitura-de-brusque-sc-abre-concurso-publico-com-30-vagas
Prefeitura de Campo Belo do Sul,,62,"R$ 18.438,44",18438.44,Superior,,,,2025-10-21T12:47:59.343220,PCI Concurso,https://www.pciconcursos.com.br/noticias/prefeitura-de-campo-belo-do-sul-sc-publica-retificacoes-de-processo-seletivo-e-concurso-publico
Prefeitura de Capinzal,,87,"R$ 24.730,15",24730.15,Superior,,,,2025-10-21T12:47:59.343220,PCI Concurso,https://www.pciconcursos.com.br/noticias/prefeitura-de-capinzal-sc-divulga-retificacoes-de-processo-seletivo
Prefeitura de Chapadão do Lageado,,28,"R$ 20.472,06",20472.06,Superior,,,,2025-10-21T12:47:59.343220,PCI Concurso,https://www.pciconcursos.com.br/noticias/prefeitura-de-chapadao-do-lageado-sc-promove-concurso-publico-com-salarios-de-ate-20-4-mil
Prefeitura de Criciúma,,40,"R$ 1648,80",1648.8,Superior,,,,2025-10-21T12:47:59.343220,PCI Concurso,https://www.pciconcursos.com.br/noticias/prefeitura-de-criciuma-sc-publica-concurso-publico-para-auxiliar-de-servicos-educacionais
Prefeitura de Cunha Porã,,0,"R$ 21.375,60",21375.6,Superior,,,,2025-10-21T12:47:59.343220,PCI Concurso,https://www.pciconcursos.com.br/noticias/prefeitura-de-cunha-pora-sc-abre-concurso-publico-com-salarios-de-ate-21-3-mil
Prefeitura de Curitibanos,,20,"R$ 24.946,24",24946.24,Superior,,,,2025-10-21T12:47:59.343220,PCI Concurso,https://www.pciconcursos.com.br/noticias/prefeitura-de-curitibanos-sc-anuncia-retificacao-de-processo-seletivo
Prefeitura de Descanso,,0,"R$ 21.067,76",21067.76,Superior,,,,2025-10-21T12:47:59.343220,PCI Concurso,https://www.pciconcursos.com.br/noticias/prefeitura-de-descanso-sc-divulga-abertura-das-inscricoes-para-processo-seletivo
Prefeitura de Florianópolis,,0,"R$ 5505,80",5505.8,Superior,,,,2025-10-21T12:47:59.343220,PCI Concurso,https://www.pciconcursos.com.br/noticias/prefeitura-de-florianopolis-sc-publica-retificacao-de-processo-seletivo
Prefeitura de Forquilhinha,,46,"R$ 17.336,84",17336.84,Superior,,,,2025-10-21T12:47:59.343220,PCI Concurso,https://www.pciconcursos.com.br/noticias/prefeitura-de-forquilhinha-sc-abre-46-vagas-em-novo-processo-seletivo
Prefeitura de Garuva,,0,"R$ 6890,10",6890.1,Superior,,,,2025-10-21T12:47:59.343220,PCI Concurso,https://www.pciconcursos.com.br/noticias/prefeitura-de-garuva-sc-promove-inscricoes-para-novo-processo-seletivo
Prefeitura de Gaspar,,0,"R$ 5199,50",5199.5,Superior,,,,2025-10-21T12:47:59.343220,PCI Concurso,https://www.pciconcursos.com.br/noticias/prefeitura-de-gaspar-sc-publica-retificacao-de-processo-seletivo
Prefeitura de Grão-Pará,,2,"R$ 3036,00",3036.0,Médio,,,,2025-10-21T12:47:59.343220,PCI Concurso,https://www.pciconcursos.com.br/noticias/prefeitura-de-grao-para-sc-abre-dois-processos-seletivos
Prefeitura de Gravatal,,0,"R$ 4875,85",4875.85,Superior,,,,2025-10-21T12:47:59.343220,PCI Concurso,https://www.pciconcursos.com.br/noticias/prefeitura-de-gravatal-sc-abre-processo-seletivo-para-cadastro-reserva-em-diversas-areas
Prefeitura de Guabiruba,,5,"R$ 10.690,61",10690.61,Superior,,,,2025-10-21T12:47:59.343220,PCI Concurso,https://www.pciconcursos.com.br/noticias/prefeitura-de-guabiruba-sc-republica-edital-de-processo-seletivo
Prefeitura de Imbituba,,0,"R$ 4365,12",4365.12,Superior,,,,2025-10-21T12:47:59.343220,PCI Concurso,https://www.pciconcursos.com.br/noticias/prefeitura-de-imbituba-sc-abre-dois-processos-seletivos-para-diversas-areas
Prefeitura de Imbituba e SAMAE,,18,"R$ 10.796,40",10796.4,Superior,,,,2025-10-21T12:47:59.343220,PCI Concurso,https://www.pciconcursos.com.br/noticias/prefeitura-de-imbituba-sc-abre-inscricoes-para-dois-editais-de-concurso-publico
Prefeitura de Imbuia,,0,"R$ 4867,77",4867.77,Superior,,,,2025-10-21T12:47:59.343220,PCI Concurso,https://www.pciconcursos.com.br/noticias/prefeitura-de-imbuia-sc-publica-processo-seletivo-para-cargos-de-nivel-superior
Prefeitura de Indaial,,0,"R$ 4965,61",4965.61,Superior,,,,2025-10-21T12:47:59.343220,PCI Concurso,https://www.pciconcursos.com.br/noticias/prefeitura-de-indaial-sc-divulga-edital-de-processo-seletivo
Prefeitura de Iomerê,,8,"R$ 33.095,15",33095.15,Superior,,,,2025-10-21T12:47:59.343220,PCI Concurso,https://www.pciconcursos.com.br/noticias/prefeitura-de-iomere-sc-abre-oito-vagas-em-novo-processo-seletivo
Prefeitura de Irineópolis,,10,"R$ 5841,32",5841.32,Superior,,,,2025-10-21T12:47:59.343220,PCI Concurso,https://www.pciconcursos.com.br/noticias/prefeitura-de-irineopolis-sc-abre-processo-seletivo-para-cargos-de-nivel-superior
Prefeitura de Itapema,,18,"R$ 2373,13",2373.13,Ensino Médio,,,,2025-10-21T12:47:59.343220,PCI Concurso,https://www.pciconcursos.com.br/noticias/prefeitura-de-itapema-sc-abre-processo-seletivo-para-organizadores-de-postura
Prefeitura de Jaraguá do Sul,,13,"R$ 4867,77",4867.77,Superior,,,,2025-10-21T12:47:59.343220,PCI Concurso,https://www.pciconcursos.com.br/noticias/prefeitura-de-jaragua-do-sul-sc-publica-processo-seletivo-para-cargos-de-niveis-medio-e-superior
Prefeitura de Jupiá,,0,"R$ 6101,21",6101.21,Superior,,,,2025-10-21T12:47:59.343220,PCI Concurso,https://www.pciconcursos.com.br/noticias/edital-de-processo-seletivo-e-divulgado-pela-prefeitura-de-jupia-sc
Prefeitura de Lages,,385,"R$ 3993,98",3993.98,Superior,,,,2025-10-21T12:47:59.343220,PCI Concurso,https://www.pciconcursos.com.br/noticias/prefeitura-de-lages-sc-abre-edital-de-processo-seletivo-com-diversos-cargos
Prefeitura de Luiz Alves,,54,"R$ 14.257,79",14257.79,Superior,,,,2025-10-21T12:47:59.343220,PCI Concurso,https://www.pciconcursos.com.br/noticias/prefeitura-de-luiz-alves-sc-abre-inscricoes-de-editais-de-concurso-publico-e-processo-seletivo
Prefeitura de Mafra,,2,"R$ 1879,79",1879.79,Fundamental,,,,2025-10-21T12:47:59.343220,PCI Concurso,https://www.pciconcursos.com.br/noticias/prefeitura-de-mafra-sc-abre-duas-vagas-em-novo-processo-seletivo
Prefeitura de Maracajá,,84,"R$ 5941,23",5941.23,Superior,,,,2025-10-21T12:47:59.343220,PCI Concurso,https://www.pciconcursos.com.br/noticias/prefeitura-de-maracaja-sc-publica-retificacao-de-processo-seletivo
Prefeitura de Maravilha,,0,"R$ 2687,95",2687.95,Superior,,,,2025-10-21T12:47:59.343220,PCI Concurso,https://www.pciconcursos.com.br/noticias/prefeitura-de-maravilha-sc-publica-processo-seletivo-para-formar-cadastro-reserva
Prefeitura de Navegantes,,0,"R$ 6062,90",6062.9,Superior,,,,2025-10-21T12:47:59.343220,PCI Concurso,https://www.pciconcursos.com.br/noticias/prefeitura-de-navegantes-sc-divulga-processo-seletivo-para-formar-cadastro-reserva
Prefeitura de Palhoça,,6,"R$ 5841,32",5841.32,Superior,,,,2025-10-21T12:47:59.343220,PCI Concurso,https://www.pciconcursos.com.br/noticias/prefeitura-de-palhoca-sc-abre-seis-vagas-em-novo-processo-seletivo
Prefeitura de Paraíso,,32,"R$ 14.634,92",14634.92,Superior,,,,2025-10-21T12:47:59.343220,PCI Concurso,https://www.pciconcursos.com.br/noticias/prefeitura-de-paraiso-sc-abre-inscricoes-para-tres-editais-de-processo-seletivo
Prefeitura de Pinhalzinho,,0,"R$ 5193,39",5193.39,Superior,,,,2025-10-21T12:47:59.343220,PCI Concurso,https://www.pciconcursos.com.br/noticias/prefeitura-de-pinhalzinho-sc-abre-processo-seletivo-para-a-secretaria-municipal-de-educacao
Prefeitura de Piratuba,,0,"R$ 14.464,72",14464.72,Superior,,,,2025-10-21T12:47:59.343220,PCI Concurso,https://www.pciconcursos.com.br/noticias/prefeitura-de-piratuba-sc-publica-edital-de-processo-seletivo-com-diversos-cargos
Prefeitura de Pomerode,,7,"R$ 22.383,63",22383.63,Superior,,,,2025-10-21T12:47:59.343220,PCI Concurso,https://www.pciconcursos.com.br/noticias/prefeitura-de-pomerode-sc-abre-processo-seletivo-com-diversas-vagas
Prefeitura de Praia Grande,,133,"R$ 15.169,76",15169.76,Superior,,,,2025-10-21T12:47:59.343220,PCI Concurso,https://www.pciconcursos.com.br/noticias/prefeitura-de-praia-grande-sc-retifica-edital-de-concurso-publico-com-diversos-cargos
Prefeitura de Rodeio,,0,"R$ 3790,61",3790.61,Superior,,,,2025-10-21T12:47:59.343220,PCI Concurso,https://www.pciconcursos.com.br/noticias/prefeitura-de-rodeio-sc-abre-processo-seletivo-para-formar-cadastro-reserva
Prefeitura de Sangão,,0,"R$ 7367,88",7367.88,Superior,,,,2025-10-21T12:47:59.343220,PCI Concurso,https://www.pciconcursos.com.br/noticias/prefeitura-de-sangao-sc-retifica-edital-de-processo-seletivo-para-formar-cadastro-reserva
Prefeitura de Santa Terezinha do Progresso,,6,"R$ 5226,70",5226.7,Superior,,,,2025-10-21T12:47:59.343220,PCI Concurso,https://www.pciconcursos.com.br/noticias/prefeitura-de-santa-terezinha-do-progresso-sc-prorroga-inscricoes-de-processo-seletivo-e-concurso-publico
Prefeitura de Santiago do Sul,,0,"R$ 10.381,66",10381.66,Superior,,,,2025-10-21T12:47:59.343220,PCI Concurso,https://www.pciconcursos.com.br/noticias/prefeitura-de-santiago-do-sul-sc-abre-processo-seletivo-com-salarios-de-ate-10-3-mil
Prefeitura de São Domingos,,32,"R$ 9779,12",9779.12,Superior,,,,2025-10-21T12:47:59.343220,PCI Concurso,https://www.pciconcursos.com.br/noticias/prefeitura-de-sao-domingos-sc-abre-inscricoes-para-processo-seletivo-e-concurso-publico
Prefeitura de São João Batista,,105,"R$ 13.636,72",13636.72,Superior,,,,2025-10-21T12:47:59.343220,PCI Concurso,https://www.pciconcursos.com.br/noticias/prefeitura-de-sao-joao-batista-sc-abre-cinco-concursos-publicos-para-diversos-cargos
Prefeitura de São Miguel do Oeste,,0,"R$ 25.111,68",25111.68,Superior,,,,2025-10-21T12:47:59.343220,PCI Concurso,https://www.pciconcursos.com.br/noticias/prefeitura-de-sao-miguel-do-oeste-sc-abre-concurso-publico-e-processo-seletivo
Prefeitura de Schroeder,,22,"R$ 5354,55",5354.55,Superior,,,,2025-10-21T12:47:59.343220,PCI Concurso,https://www.pciconcursos.com.br/noticias/prefeitura-de-schroeder-sc-lanca-edital-de-processo-seletivo-para-diversos-cargos
Prefeitura de Taió,,38,"R$ 11.115,10",11115.1,Superior,,,,2025-10-21T12:47:59.343220,PCI Concurso,https://www.pciconcursos.com.br/noticias/prefeitura-de-taio-sc-divulga-abertura-de-dois-editais-de-concursos-publicos
Prefeitura de Tigrinhos,,25,"R$ 8837,35",8837.35,Superior,,,,2025-10-21T12:47:59.343220,PCI Concurso,https://www.pciconcursos.com.br/noticias/prefeitura-de-tigrinhos-sc-anuncia-25-vagas-em-concurso-publico-e-processo-seletivo
Prefeitura de Treze Tílias,,0,"R$ 31.025,34",31025.34,Superior,,,,2025-10-21T12:47:59.343220,PCI Concurso,https://www.pciconcursos.com.br/noticias/prefeitura-de-treze-tilias-sc-abre-inscricoes-para-novo-processo-seletivo
Prefeitura de Vargeão,,0,"R$ 5515,00",5515.0,Superior,,,,2025-10-21T12:47:59.349429,PCI Concurso,https://www.pciconcursos.com.br/noticias/prefeitura-de-vargeao-sc-publica-edital-de-processo-seletivo-para-formar-cadastro-reserva
Prefeitura de Vargem Bonita,,4,"R$ 5993,81",5993.81,Superior,,,,2025-10-21T12:47:59.349429,PCI Concurso,https://www.pciconcursos.com.br/noticias/prefeitura-de-vargem-bonita-sc-divulga-quatro-vagas-em-novo-concurso-publico
Prefeitura de Vidal Ramos,,0,"R$ 4082,34",4082.34,Superior,,,,2025-10-21T12:47:59.349429,PCI Concurso,https://www.pciconcursos.com.br/noticias/prefeitura-de-vidal-ramos-sc-publica-processo-seletivo-para-formar-cadastro-reserva
SAMAE - Serviço Autônomo de Água e Esgoto de Pomerode,,0,"R$ 3576,43",3576.43,Fundamental,,,,2025-10-21T12:47:59.349429,PCI Concurso,https://www.pciconcursos.com.br/noticias/samae-de-pomerode-sc-abre-processo-seletivo-para-motorista
SCGÁS - Companhia de Gás de Santa Catarina,,1,"R$ 11.804,47",11804.47,Superior,,,,2025-10-21T12:47:59.349429,PCI Concurso,https://www.pciconcursos.com.br/noticias/scgas-abre-concurso-publico-para-engenheiros
Secretaria de Estado da Saúde de Santa Catarina,,511,"R$ 9499,54",9499.54,Superior,,,,2025-10-21T12:47:59.349429,PCI Concurso,https://www.pciconcursos.com.br/noticias/secretaria-da-saude-de-santa-catarina-abre-concurso-publico-com-diversas-vagas
SED - Secretaria de Estado da Educação,,394,,0.0,Superior,,,,2025-10-21T12:47:59.349429,PCI Concurso,https://www.pciconcursos.com.br/noticias/sed-sc-divulga-retificacoes-de-dois-processos-seletivos
SES - Secretaria de Estado da Saúde de Santa Catarina,,8,"R$ 10.412,27",10412.27,Superior,,,,2025-10-21T12:47:59.349429,PCI Concurso,https://www.pciconcursos.com.br/noticias/ses-sc-publica-processos-seletivos-em-mafra-e-florianopolis
CBMDF - Corpo de Bombeiros Militar do Distrito Federal,,356,"R$ 15.287,06",15287.06,Superior,,,,2025-10-21T12:47:59.349429,PCI Concurso,https://www.pciconcursos.com.br/noticias/cbmdf-retifica-concursos-publicos-para-o-curso-de-formacao-de-pracas
IGESDF - Instituto de Gestão Estratégica de Saúde do Distrito Federal,,0,"R$ 15.292,32",15292.32,Superior,,,,2025-10-21T12:47:59.349429,PCI Concurso,https://www.pciconcursos.com.br/noticias/igesdf-abre-cinco-processos-seletivos-com-remuneracao-mensal-de-ate-15-2-mil
Prefeitura de Catalão,,140,"R$ 9914,08",9914.08,Superior,,,,2025-10-21T12:47:59.349429,PCI Concurso,https://www.pciconcursos.com.br/noticias/prefeitura-de-catalao-go-abre-inscricoes-para-edital-de-concurso-publico-com-diversas-vagas
Prefeitura de Nova Veneza,,224,"R$ 4318,18",4318.18,Superior,,,,2025-10-21T12:47:59.349429,PCI Concurso,https://www.pciconcursos.com.br/noticias/prefeitura-de-nova-veneza-go-abre-224-vagas-em-novo-concurso-publico
Câmara de Itumbiara,,10,"R$ 8977,82",8977.82,Superior,,,,2025-10-21T12:47:59.349429,PCI Concurso,https://www.pciconcursos.com.br/noticias/camara-de-itumbiara-go-promove-concurso-publico-com-salarios-de-ate-8-9-mil
CRMV - Conselho Regional de Medicina Veterinária do Estado de Goiás,,6,"R$ 12.028,49",12028.49,Superior,,,,2025-10-21T12:47:59.349429,PCI Concurso,https://www.pciconcursos.com.br/noticias/crmv-go-abre-edital-de-concurso-publico-para-cargos-de-niveis-medio-e-superior
MP - Ministério Público do Estado de Goiás,,0,"R$ 34.083,41",34083.41,Superior,,,,2025-10-21T12:47:59.349429,PCI Concurso,https://www.pciconcursos.com.br/noticias/mp-go-anuncia-abertura-das-inscricoes-para-edital-de-concurso-publico
Prefeitura de Aloândia,,11,"R$ 8000,00",8000.0,Superior,,,,2025-10-21T12:47:59.349429,PCI Concurso,https://www.pciconcursos.com.br/noticias/prefeitura-de-aloandia-go-lanca-edital-de-concurso-publico-com-11-vagas
Prefeitura de Caldazinha,,61,"R$ 3654,00",3654.0,Superior,,,,2025-10-21T12:47:59.349429,PCI Concurso,https://www.pciconcursos.com.br/noticias/prefeitura-de-caldazinha-go-publica-edital-de-concurso-publico-com-diversos-cargos
Prefeitura de Cidade Ocidental,,266,"R$ 4867,77",4867.77,Superior,,,,2025-10-21T12:47:59.349429,PCI Concurso,https://www.pciconcursos.com.br/noticias/prefeitura-de-cidade-ocidental-go-lanca-edital-de-processo-seletivo-com-266-vagas
Prefeitura de Itapaci,,62,"R$ 2242,84",2242.84,Superior,,,,2025-10-21T12:47:59.349429,PCI Concurso,https://www.pciconcursos.com.br/noticias/prefeitura-de-itapaci-go-abre-inscricoes-para-dois-processos-seletivo
Prefeitura de Nova Roma,,66,"R$ 7366,10",7366.1,Superior,Aberto,,,2025-10-21T12:47:59.349429,PCI Concurso,https://www.pciconcursos.com.br/noticias/prefeitura-de-nova-roma-go-retifica-concurso-publico
Prefeitura de Novo Planalto,,32,"R$ 4867,77",4867.77,Superior,,,,2025-10-21T12:47:59.349429,PCI Concurso,https://www.pciconcursos.com.br/noticias/prefeitura-de-novo-planalto-go-abre-32-vagas-em-novo-concurso-publico
Prefeitura de Planaltina,,210,"R$ 9515,24",9515.24,Superior,,,,2025-10-21T12:47:59.349429,PCI Concurso,https://www.pciconcursos.com.br/noticias/prefeitura-de-planaltina-go-divulga-abertura-de-concurso-publico-com-salarios-de-ate-9-5-mil
Prefeitura de Rianápolis,,5,"R$ 2306,00",2306.0,Superior,,,,2025-10-21T12:47:59.349429,PCI Concurso,https://www.pciconcursos.com.br/noticias/prefeitura-de-rianapolis-go-publica-edital-retificado-de-concurso-publico
Prefeitura de Senador Canedo,,28,"R$ 2488,06",2488.06,Médio,,,,2025-10-21T12:47:59.349429,PCI Concurso,https://www.pciconcursos.com.br/noticias/prefeitura-de-senador-canedo-go-abre-28-vagas-em-novo-processo-seletivo
MSGÁS - Companhia de Gás do Estado de Mato Grosso do Sul,,3,"R$ 10.699,81",10699.81,Superior,,,,2025-10-21T12:47:59.349429,PCI Concurso,https://www.pciconcursos.com.br/noticias/msgas-prorroga-inscricoes-de-concurso-publico-com-salarios-de-ate-10-6-mil
Prefeitura de Bataguassu,,0,"R$ 7063,95",7063.95,Superior,,,,2025-10-21T12:47:59.349429,PCI Concurso,https://www.pciconcursos.com.br/noticias/prefeitura-de-bataguassu-ms-divulga-inscricoes-para-dois-processos-seletivo
Prefeitura de Batayporã e Câmara de Batayporã,,70,"R$ 16.879,92",16879.92,Superior,,,,2025-10-21T12:47:59.349429,PCI Concurso,https://www.pciconcursos.com.br/noticias/prefeitura-e-a-camara-de-bataypora-ms-abrem-inscricoes-de-editais-de-concurso-publico
Prefeitura de Campo Grande,,65,"R$ 1700,00",1700.0,Médio,,,,2025-10-21T12:47:59.349429,PCI Concurso,https://www.pciconcursos.com.br/noticias/prefeitura-de-campo-grande-ms-divulga-processo-seletivo-com-65-vagas
Prefeitura de Paranhos,,236,"R$ 5970,24",5970.24,Superior,,,,2025-10-21T12:47:59.349429,PCI Concurso,https://www.pciconcursos.com.br/noticias/prefeitura-de-paranhos-ms-divulga-processos-seletivos-com-mais-de-200-vagas
Prefeitura de Ponta Porã,,217,"R$ 4184,80",4184.8,Superior,,,,2025-10-21T12:47:59.349429,PCI Concurso,https://www.pciconcursos.com.br/noticias/prefeitura-de-ponta-pora-ms-abre-edital-de-processo-seletivo-com-diversos-cargos
Prefeitura de São Gabriel do Oeste,,0,"R$ 8271,03",8271.03,Superior,,,,2025-10-21T12:47:59.349429,PCI Concurso,https://www.pciconcursos.com.br/noticias/prefeitura-de-sao-gabriel-do-oeste-ms-abre-edital-de-processo-seletivo-para-formar-cadastro
TJMS - Tribunal de Justiça do Estado do Mato Grosso do Sul,,42,,0.0,Superior,,,,2025-10-21T12:47:59.349429,PCI Concurso,https://www.pciconcursos.com.br/noticias/tjms-abre-42-vagas-em-novo-concurso-publico
CREA - Conselho Regional de Engenharia e Agronomia,,29,"R$ 5590,79",5590.79,Superior,,,,2025-10-21T12:47:59.349429,PCI Concurso,https://www.pciconcursos.com.br/noticias/crea-mt-retifica-edital-de-concurso-publico-com-29-vagas
Prefeitura de Alto Taquari,,0,"R$ 5060,87",5060.87,Superior,,,,2025-10-21T12:47:59.349429,PCI Concurso,https://www.pciconcursos.com.br/noticias/edital-de-processo-seletivo-e-divulgado-pela-prefeitura-de-alto-taquari-mt
Prefeitura de Araputanga,,8,"R$ 3117,56",3117.56,Ensino Médio,,,,2025-10-21T12:47:59.349429,PCI Concurso,https://www.pciconcursos.com.br/noticias/prefeitura-de-araputanga-mt-abre-processo-seletivo-com-oito-vagas
Prefeitura de Carlinda,,3,"R$ 4164,07",4164.07,Superior,,,,2025-10-21T12:47:59.349429,PCI Concurso,https://www.pciconcursos.com.br/noticias/prefeitura-de-carlinda-mt-divulga-novo-processo-seletivo-para-cargo-de-professor
Prefeitura de Juína,,43,"R$ 4647,59",4647.59,Superior,,,,2025-10-21T12:47:59.349429,PCI Concurso,https://www.pciconcursos.com.br/noticias/prefeitura-de-juina-mt-publica-edital-de-processo-seletivo
Prefeitura de Lucas do Rio Verde,,0,"R$ 5988,39",5988.39,Superior,,,,2025-10-21T12:47:59.349429,PCI Concurso,https://www.pciconcursos.com.br/noticias/prefeitura-de-lucas-do-rio-verde-mt-publica-processo-seletivo-para-formar-cadastro-reserva
Prefeitura de Marcelândia,,96,"R$ 10.938,09",10938.09,Superior,,,,2025-10-21T12:47:59.349429,PCI Concurso,https://www.pciconcursos.com.br/noticias/prefeitura-de-marcelandia-mt-abre-concurso-publico-com-96-vagas
Prefeitura de Nobres,,0,"R$ 3692,00",3692.0,Superior,,,,2025-10-21T12:47:59.349429,PCI Concurso,https://www.pciconcursos.com.br/noticias/prefeitura-de-nobres-mt-publica-edital-de-processo-seletivo
Prefeitura de Nova Bandeirantes,,12,"R$ 3036,00",3036.0,Ensino Médio,,,,2025-10-21T12:47:59.349429,PCI Concurso,https://www.pciconcursos.com.br/noticias/prefeitura-de-nova-bandeirantes-mt-abre-edital-de-processo-seletivo-com-12-vagas
Prefeitura de Nova Monte Verde,,92,"R$ 17.326,17",17326.17,Superior,,,,2025-10-21T12:47:59.349429,PCI Concurso,https://www.pciconcursos.com.br/noticias/prefeitura-de-nova-monte-verde-mt-abre-concurso-publico-com-92-vagas
Prefeitura de Novo Mundo,,182,"R$ 6711,47",6711.47,Superior,,,,2025-10-21T12:47:59.349429,PCI Concurso,https://www.pciconcursos.com.br/noticias/prefeitura-de-novo-mundo-mt-divulga-processo-seletivo-com-mais-de-100-vagas
Prefeitura de Pedra Preta,,9,"R$ 5494,55",5494.55,Superior,,,,2025-10-21T12:47:59.349429,PCI Concurso,https://www.pciconcursos.com.br/noticias/prefeitura-de-pedra-preta-mt-publica-edital-de-processo-seletivo-com-nove-vagas
Prefeitura de Sorriso,,98,"R$ 7113,53",7113.53,Superior,,,,2025-10-21T12:47:59.349429,PCI Concurso,https://www.pciconcursos.com.br/noticias/prefeitura-de-sorriso-mt-abre-processo-seletivo-para-diversos-cargos
Prefeitura de Terra Nova do Norte,,0,"R$ 3318,28",3318.28,Superior,,,,2025-10-21T12:47:59.349429,PCI Concurso,https://www.pciconcursos.com.br/noticias/prefeitura-de-terra-nova-do-norte-mt-publica-edital-de-processo-seletivo-para-cadastro-reserva
Prefeitura de Várzea Grande - Mato Grosso,,2946,"R$ 3097,87",3097.87,Superior,,,,2025-10-21T12:47:59.349429,PCI Concurso,https://www.pciconcursos.com.br/noticias/prefeitura-de-varzea-grande-mt-abre-2946-vagas-em-novo-processo-seletivo
Prefeitura de Vila Rica,,0,"R$ 7562,89",7562.89,Superior,,,,2025-10-21T12:47:59.349429,PCI Concurso,https://www.pciconcursos.com.br/noticias/prefeitura-de-vila-rica-mt-publica-retificacao-de-processo-seletivo
Prefeitura de Manaus,,1000,"R$ 5300,57",5300.57,Superior,,,,2025-10-21T12:47:59.349429,PCI Concurso,https://www.pciconcursos.com.br/noticias/prefeitura-de-manaus-am-divulga-concurso-publico-com-mil-vagas
ALE - Assembleia Legislativa do Estado do Amazonas,,100,"R$ 19.274,90",19274.9,Superior,,,,2025-10-21T12:47:59.349429,PCI Concurso,https://www.pciconcursos.com.br/noticias/ale-am-prorroga-inscricoes-de-concurso-publico
Câmara de Itacoatiara,,28,"R$ 3415,00",3415.0,Superior,,,,2025-10-21T12:47:59.349429,PCI Concurso,https://www.pciconcursos.com.br/noticias/camara-de-itacoatiara-am-divulga-retificacao-de-concurso-publico
CRC - Conselho Regional de Contabilidade do Amazonas,,2,"R$ 3692,41",3692.41,Superior,,,,2025-10-21T12:47:59.349429,PCI Concurso,https://www.pciconcursos.com.br/noticias/crc-am-abre-duas-vagas-em-novo-concurso-publico
Prefeitura de Codajás,,1,"R$ 6000,00",6000.0,Superior,,,,2025-10-21T12:47:59.349429,PCI Concurso,https://www.pciconcursos.com.br/noticias/prefeitura-de-codajas-am-divulga-retificacoes-de-concurso-publico
Prefeitura de Urucará,,192,"R$ 3400,00",3400.0,Médio,,,,2025-10-21T12:47:59.349429,PCI Concurso,https://www.pciconcursos.com.br/noticias/prefeitura-de-urucara-am-anuncia-concurso-publico-com-192-vagas
Ministério Público do Estado do Amapá,,15,"R$ 7978,05",7978.05,Superior,,,,2025-10-21T12:47:59.349429,PCI Concurso,https://www.pciconcursos.com.br/noticias/mp-ap-abre-edital-de-concurso-publico-com-15-vagas
CRMV - Conselho Regional de Medicina Veterinária do Estado do Pará,,3,"R$ 2610,39",2610.39,Ensino Médio,,,,2025-10-21T12:47:59.349429,PCI Concurso,https://www.pciconcursos.com.br/noticias/crmv-pa-abre-edital-de-concurso-publico-para-cargos-de-nivel-medio
Detran - Departamento de Trânsito do Estado do Pará,,110,"R$ 3360,91",3360.91,Ensino Médio,,,,2025-10-21T12:47:59.349429,PCI Concurso,https://www.pciconcursos.com.br/noticias/detran-pa-publica-processo-seletivo-para-assistentes-de-transito
Prefeitura de Juruti,,718,"R$ 5500,00",5500.0,Superior,,,,2025-10-21T12:47:59.349429,PCI Concurso,https://www.pciconcursos.com.br/noticias/prefeitura-de-juruti-pa-abre-inscricoes-para-dois-concursos-publicos
Prefeitura de Novo Progresso,,1079,"R$ 4.308,79",4308.79,Superior,,,,2025-10-21T12:47:59.349429,PCI Concurso,https://www.pciconcursos.com.br/noticias/prefeitura-de-novo-progresso-pa-abre-processo-seletivo-com-1079-vagas
Prefeitura de Ourém,,10,"R$ 3018,00",3018.0,Ensino Médio,,,,2025-10-21T12:47:59.349429,PCI Concurso,https://www.pciconcursos.com.br/noticias/prefeitura-de-ourem-pa-abre-processo-seletivo-para-profissionais-de-nivel-medio
Prefeitura de Parauapebas,,687,"R$ 12.607,99",12607.99,Superior,,,,2025-10-21T12:47:59.355063,PCI Concurso,https://www.pciconcursos.com.br/noticias/prefeitura-de-parauapebas-pa-anuncia-grande-processo-seletivo-para-diversos-cargos
Prefeitura de Viseu,,450,"R$ 3500,00",3500.0,Superior,,,,2025-10-21T12:47:59.355063,PCI Concurso,https://www.pciconcursos.com.br/noticias/prefeitura-de-viseu-pa-abre-450-vagas-em-novo-concurso-publico
SESPA - Secretaria de Saúde Pública do Estado do Pará,,21,"R$ 4374,96",4374.96,Superior,,,,2025-10-21T12:47:59.355063,PCI Concurso,https://www.pciconcursos.com.br/noticias/sespa-publica-processo-seletivo-para-cargo-de-medico
TJ - Tribunal de Justiça do Estado do Pará,,92,,0.0,Superior,,,,2025-10-21T12:47:59.355063,PCI Concurso,https://www.pciconcursos.com.br/noticias/tj-pa-divulga-edital-retificado-de-concurso-publico-com-92-vagas-para-cartorios
Câmara de Porto Velho,,47,"R$ 8146,71",8146.71,Superior,Aberto,,,2025-10-21T12:47:59.355063,PCI Concurso,https://www.pciconcursos.com.br/noticias/camara-de-porto-velho-ro-reabre-concurso-publico-com-37-vagas
Prefeitura de Arapiraca,,392,"R$ 4380,98",4380.98,Superior,,,,2025-10-21T12:47:59.355063,PCI Concurso,https://www.pciconcursos.com.br/noticias/prefeitura-de-arapiraca-al-abre-concurso-publico-com-392-vagas-na-area-de-educacao
Prefeitura de Murici,,20,"R$ 1518,00",1518.0,Ensino Médio,,,,2025-10-21T12:47:59.355063,PCI Concurso,https://www.pciconcursos.com.br/noticias/prefeitura-de-murici-al-publica-edital-retificado-de-concurso-publico-para-guarda-civil-municipal
CRB-5 - Conselho Regional de Biblioteconomia da 5ª Região - SE,,1,"R$ 2550,00",2550.0,Superior,,,,2025-10-21T12:47:59.355063,PCI Concurso,https://www.pciconcursos.com.br/noticias/crb-5-ba-se-anuncia-inscricoes-para-novo-processo-seletivo
CRQ-VII/BA - Conselho Regional de Química da 7ª Região,,2,"R$ 3597,51",3597.51,Médio,,,,2025-10-21T12:47:59.355063,PCI Concurso,https://www.pciconcursos.com.br/noticias/crq-ba-divulga-retificacao-de-concurso-publico-em-salvador
ICMBio - Instituto Chico Mendes de Conservação da Biodiversidade - Ilhéus,,3,,0.0,Fundamental,,,,2025-10-21T12:47:59.355063,PCI Concurso,https://www.pciconcursos.com.br/noticias/icmbio-divulga-processo-seletivo-para-agente-temporario-ambiental-em-ilheus-ba
Prefeitura de Amargosa,,235,"R$ 2433,89",2433.89,Superior,,,,2025-10-21T12:47:59.355063,PCI Concurso,https://www.pciconcursos.com.br/noticias/prefeitura-de-amargosa-ba-publica-abertura-das-inscricoes-de-dois-processos-seletivos
Prefeitura de Araci,,584,"R$ 5000,00",5000.0,Superior,,,,2025-10-21T12:47:59.355063,PCI Concurso,https://www.pciconcursos.com.br/noticias/prefeitura-de-araci-ba-publica-retificacoes-de-processos-seletivos
Prefeitura de Cairu,,55,"R$ 3.631,98",3631.98,Superior,,,,2025-10-21T12:47:59.355063,PCI Concurso,https://www.pciconcursos.com.br/noticias/prefeitura-de-cairu-ba-abre-54-vagas-em-novo-concurso-publico
Prefeitura de Jaguaquara,,45,"R$ 3036,00",3036.0,Ensino Médio,,,,2025-10-21T12:47:59.355063,PCI Concurso,https://www.pciconcursos.com.br/noticias/prefeitura-de-jaguaquara-ba-abre-inscricoes-para-edital-de-processo-seletivo-e-concurso-publico
Prefeitura de Palmas de Monte Alto,,4,"R$ 2500,00",2500.0,Superior,,,,2025-10-21T12:47:59.355063,PCI Concurso,https://www.pciconcursos.com.br/noticias/prefeitura-de-palmas-de-monte-alto-ba-abre-inscricoes-para-edital-de-concurso-publico
Prefeitura de Santo Estêvão,,275,"R$ 4.318,18",4318.18,Superior,,,,2025-10-21T12:47:59.355063,PCI Concurso,https://www.pciconcursos.com.br/noticias/prefeitura-de-santo-estevao-ba-abre-dois-editais-de-processos-seletivos
SEADES - Secretaria de Assistência e Desenvolvimento Social do Estado da Bahia,,31,"R$ 3626,54",3626.54,Superior,,,,2025-10-21T12:47:59.355063,PCI Concurso,https://www.pciconcursos.com.br/noticias/seades-ba-abre-inscricoes-para-edital-de-processo-seletivo-com-31-vagas
Câmara de Forquilha,,5,"R$ 2477,00",2477.0,Superior,,,,2025-10-21T12:47:59.355063,PCI Concurso,https://www.pciconcursos.com.br/noticias/camara-de-forquilha-ce-lanca-concurso-publico-com-cinco-vagas
Prefeitura de Beberibe,,305,"R$ 5534,83",5534.83,Superior,Aberto,,,2025-10-21T12:47:59.355063,PCI Concurso,https://www.pciconcursos.com.br/noticias/prefeitura-de-beberibe-ce-reabre-inscricoes-de-concursos-publicos
Prefeitura de Martinópole,,142,"R$ 4236,00",4236.0,Superior,,,,2025-10-21T12:47:59.355063,PCI Concurso,https://www.pciconcursos.com.br/noticias/prefeitura-de-martinopole-ce-publica-edital-de-concurso-publico-com-diversas-vagas
Prefeitura de Mombaça,,145,"R$ 1518,00",1518.0,Fundamental,,,,2025-10-21T12:47:59.355063,PCI Concurso,https://www.pciconcursos.com.br/noticias/prefeitura-de-mombaca-ce-publica-abertura-das-inscricoes-de-edital-de-processo-seletivo
Prefeitura de Poranga,,7,"R$ 1618,00",1618.0,Ensino Médio,,,,2025-10-21T12:47:59.355063,PCI Concurso,https://www.pciconcursos.com.br/noticias/prefeitura-de-poranga-ce-publica-concurso-publico-para-guardas-municipais
Prefeitura de Lima Campos,,351,"R$ 3036,00",3036.0,Superior,,,,2025-10-21T12:47:59.355063,PCI Concurso,https://www.pciconcursos.com.br/noticias/prefeitura-de-lima-campos-ma-prorroga-inscricoes-de-concurso-publico
Prefeitura de Cantanhede,,6,"R$ 3000,00",3000.0,Superior,,,,2025-10-21T12:47:59.355063,PCI Concurso,https://www.pciconcursos.com.br/noticias/prefeitura-de-cantanhede-ma-lanca-concurso-publico-para-diversas-areas
Prefeitura de Paço do Lumiar,,760,"R$ 4982,19",4982.19,Superior,,,,2025-10-21T12:47:59.355063,PCI Concurso,https://www.pciconcursos.com.br/noticias/prefeitura-de-paco-do-lumiar-ma-abre-inscricoes-para-dois-processos-seletivo
Prefeitura de Serrano do Maranhão,,17,"R$ 3.000,00",3000.0,Superior,,,,2025-10-21T12:47:59.355063,PCI Concurso,https://www.pciconcursos.com.br/noticias/prefeitura-de-serrano-do-maranhao-ma-abre-inscricoes-para-edital-de-concurso-publico
Prefeitura de Turilândia MA,,25,"R$ 1518,00",1518.0,Ensino Médio,,,,2025-10-21T12:47:59.355063,PCI Concurso,https://www.pciconcursos.com.br/noticias/concurso-publico-em-turilandia-ma-oferece-25-vagas-para-guarda-municipal-e-agente-de-transito
Prefeitura de Vitória do Mearim,,228,"R$ 4.867,77",4867.77,Superior,,,,2025-10-21T12:47:59.355063,PCI Concurso,https://www.pciconcursos.com.br/noticias/prefeitura-de-vitoria-do-mearim-ma-divulga-228-vagas-em-novo-conucrso-publico
SEAP - Secretaria de Estado de Administração Penitenciária do Maranhão,,0,"R$ 3521,43",3521.43,Superior,,,,2025-10-21T12:47:59.357630,PCI Concurso,https://www.pciconcursos.com.br/noticias/seap-ma-divulga-periodo-de-inscricoes-para-dez-processos-seletivos
"IFPB - Instituto Federal de Educação, Ciência e Tecnologia da Paraíba",,53,"R$ 4967,04",4967.04,Superior,,,,2025-10-21T12:47:59.357630,PCI Concurso,https://www.pciconcursos.com.br/noticias/ifpb-abre-concurso-publico-com-diversas-vagas
Câmara do Município de Baia da Traição,,6,"R$ 1511,84",1511.84,Fundamental,,,,2025-10-21T12:47:59.357630,PCI Concurso,https://www.pciconcursos.com.br/noticias/camara-de-baia-da-traicao-pb-publica-edital-de-concurso-publico-com-seis-vagas
Prefeitura de Alhandra,,12,"R$ 3026,00",3026.0,Ensino Médio,,,,2025-10-21T12:47:59.357630,PCI Concurso,https://www.pciconcursos.com.br/noticias/prefeitura-de-alhandra-pb-publica-edital-de-processo-seletivo-para-cargos-de-nivel-medio
Prefeitura de Brejo dos Santos,,38,"R$ 9000,00",9000.0,Superior,,,,2025-10-21T12:47:59.357630,PCI Concurso,https://www.pciconcursos.com.br/noticias/prefeitura-de-brejo-dos-santos-pb-lanca-edital-de-concurso-publico-com-38-vagas
Prefeitura de Caiçara,,88,"R$ 12.000,00",12000.0,Superior,,,,2025-10-21T12:47:59.357630,PCI Concurso,https://www.pciconcursos.com.br/noticias/prefeitura-de-caicara-pb-promove-concurso-publico-com-salarios-de-ate-12-mil
Prefeitura de Ibiara,,6,"R$ 3026,00",3026.0,Ensino Médio,,,,2025-10-21T12:47:59.357630,PCI Concurso,https://www.pciconcursos.com.br/noticias/prefeitura-de-ibiara-pb-abre-processo-seletivo-para-profissionais-de-nivel-medio
Prefeitura de João Pessoa,,81,"R$ 4950,00",4950.0,Superior,,,,2025-10-21T12:47:59.357630,PCI Concurso,https://www.pciconcursos.com.br/noticias/prefeitura-de-joao-pessoa-pb-anuncia-abertura-de-edital-de-processo-seletivo
UEPB - Universidade Estadual da Paraíba,,28,"R$ 3922,87",3922.87,Superior,,,,2025-10-21T12:47:59.357630,PCI Concurso,https://www.pciconcursos.com.br/noticias/uepb-divulga-dois-editais-de-processos-seletivos
Prefeitura de Quipapá,,16,"R$ 3036,00",3036.0,Ensino Médio,,,,2025-10-21T12:47:59.357630,PCI Concurso,https://www.pciconcursos.com.br/noticias/prefeitura-de-quipapa-pe-abre-edital-de-concurso-publico-para-cargo-de-agente-comunitario-de-saude
CREF12 - Conselho Regional de Educação Física da 12ª Região,,1,"R$ 6653,01",6653.01,Superior,,,,2025-10-21T12:47:59.357630,PCI Concurso,https://www.pciconcursos.com.br/noticias/cref12-pe-publica-concurso-publico-para-agente-de-orientacao-e-fiscalizacao
Governo do Estado de Pernambuco,,118,"R$ 5200,00",5200.0,Superior,,,,2025-10-21T12:47:59.357630,PCI Concurso,https://www.pciconcursos.com.br/noticias/governo-do-estado-de-pernambuco-publica-retificacao-de-processo-seletivo
Prefeitura de Calçado,,36,"R$ 4318,18",4318.18,Superior,,,,2025-10-21T12:47:59.357630,PCI Concurso,https://www.pciconcursos.com.br/noticias/prefeitura-de-calcado-pe-publica-concurso-publico-com-36-vagas
Prefeitura de Casinhas,,5,"R$ 4300,00",4300.0,Superior,,,,2025-10-21T12:47:59.357630,PCI Concurso,https://www.pciconcursos.com.br/noticias/prefeitura-de-casinhas-pe-abre-cinco-vagas-em-novo-processo-seletivo
Prefeitura de Parnamirim,,0,"R$ 3000,00",3000.0,Superior,Suspenso,,,2025-10-21T12:47:59.357630,PCI Concurso,https://www.pciconcursos.com.br/noticias/prefeitura-de-parnamirim-pe-suspende-processo-seletivo
Prefeitura de Paulista,,120,"R$ 1518,00",1518.0,Superior,,,,2025-10-21T12:47:59.357630,PCI Concurso,https://www.pciconcursos.com.br/noticias/prefeitura-de-paulista-pe-abre-concurso-publico-com-120-vagas
Prefeitura de Petrolina,,194,"R$ 3969,99",3969.99,Superior,,,,2025-10-21T12:47:59.357630,PCI Concurso,https://www.pciconcursos.com.br/noticias/prefeitura-de-petrolina-pe-divulga-concurso-publico-com-mais-de-1-mil-vagas
SAD - Secretaria Estadual de Administração e UPE - Universidade de Pernambuco,,24,"R$ 12.366,61",12366.61,Superior,,,,2025-10-21T12:47:59.357630,PCI Concurso,https://www.pciconcursos.com.br/noticias/sad-e-upe-pe-divulgam-processo-seletivo-para-profissionais-de-nivel-superior
Governo do Estado de Pernambuco - CPU,,460,"R$ 8255,00",8255.0,Superior,Suspenso,,,2025-10-21T12:47:59.357630,PCI Concurso,https://www.pciconcursos.com.br/noticias/cpu-pe-suspende-edital-de-concurso-publico-com-diversos-cargos
PC - Polícia Civil do Piauí,,200,"R$ 20.601,38",20601.38,Superior,,,,2025-10-21T12:47:59.357630,PCI Concurso,https://www.pciconcursos.com.br/noticias/pc-pi-publica-retificacoes-de-concurso-publico
Prefeitura de Floriano,,254,"R$ 6806,41",6806.41,Superior,,,,2025-10-21T12:47:59.357630,PCI Concurso,https://www.pciconcursos.com.br/noticias/prefeitura-de-floriano-pi-abre-inscricoes-para-tres-concursos-publicos
Prefeitura de Alagoinha do Piauí,,30,"R$ 1518,00",1518.0,Ensino Médio,,,,2025-10-21T12:47:59.357630,PCI Concurso,https://www.pciconcursos.com.br/noticias/prefeitura-de-alagoinha-do-piaui-pi-abre-30-vagas-em-novo-processo-seletivo
Prefeitura de Passagem Franca do Piauí,,104,"R$ 6332,70",6332.7,Superior,,,,2025-10-21T12:47:59.359774,PCI Concurso,https://www.pciconcursos.com.br/noticias/prefeitura-de-passagem-franca-do-piaui-pi-anuncia-concurso-publico-com-mais-de-80-vagas
Prefeitura de Piripiri,,32,"R$ 2832,15",2832.15,Superior,,,,2025-10-21T12:47:59.359774,PCI Concurso,https://www.pciconcursos.com.br/noticias/prefeitura-de-piripiri-pi-abre-32-vagas-em-novo-concurso-publico
Prefeitura de São José do Seridó,,66,"R$ 4841,44",4841.44,Superior,,,,2025-10-21T12:47:59.359774,PCI Concurso,https://www.pciconcursos.com.br/noticias/prefeitura-de-sao-jose-do-serido-rn-abre-concurso-publico-para-diversas-areas
Câmara de São José do Seridó,,2,"R$ 2100,00",2100.0,Superior,,,,2025-10-21T12:47:59.359774,PCI Concurso,https://www.pciconcursos.com.br/noticias/camara-de-sao-jose-do-serido-rn-abre-inscricoes-para-edital-de-concurso-publico
Prefeitura de Angicos,,15,"R$ 3036,00",3036.0,Ensino Médio,,,,2025-10-21T12:47:59.359774,PCI Concurso,https://www.pciconcursos.com.br/noticias/prefeitura-de-angicos-rn-abre-15-vagas-em-novo-processo-seletivo
TJ - Tribunal de Justiça do Estado do Rio Grande do Norte,,89,,0.0,Superior,,,,2025-10-21T12:47:59.359774,PCI Concurso,https://www.pciconcursos.com.br/noticias/tj-rn-informa-abertura-de-concurso-publico-com-89-vagas
MP - Ministério Público do Estado de Sergipe,,28,"R$ 5474,82",5474.82,Superior,,,,2025-10-21T12:47:59.359774,PCI Concurso,https://www.pciconcursos.com.br/noticias/mp-se-retifica-edital-de-concurso-publico-para-cargos-de-nivel-medio-e-superior
Prefeitura de Monte Alegre de Sergipe,,24,"R$ 1600,11",1600.11,Ensino Médio,,,,2025-10-21T12:47:59.359774,PCI Concurso,https://www.pciconcursos.com.br/noticias/prefeitura-de-monte-alegre-de-sergipe-se-abre-concurso-para-guarda-municipal
