titulo,orgao,vagas,salario,salario_numerico,escolaridade,status,cidade,estado,data_coleta,fonte,link
Amazul - Amazônia Azul Tecnologias de Defesa S.A.,,59,"R$ 9739,10",9739.1,Superior,,,,2025-10-16T15:46:34.860088,PCI Concurso,https://www.pciconcursos.com.br/noticias/amazul-divulga-edital-de-concurso-publico-com-59-vagas
Marinha do Brasil - Comando do 1º Distrito Naval,,24,,0.0,Superior,,,,2025-10-16T15:46:34.872198,PCI Concurso,https://www.pciconcursos.com.br/noticias/marinha-do-brasil-informa-abertura-de-processo-seletivo-com-diversas-vagas
ARSESP - Agência Reguladora de Serviços Públicos de São Paulo,,105,"R$ 12.070,00",12070.0,Superior,,,,2025-10-16T15:46:34.872198,PCI Concurso,https://www.pciconcursos.com.br/noticias/arsesp-retifica-concurso-publico-com-salarios-de-ate-12-mil
CGE - Controladoria Geral do Estado,,200,"R$ 17.850,00",17850.0,Superior,,,,2025-10-16T15:46:34.872198,PCI Concurso,https://www.pciconcursos.com.br/noticias/cge-sp-divulga-retificacao-de-concurso-publico
Fundação do ABC - Itatiba,,46,"R$ 15.648,49",15648.49,Superior,,,,2025-10-16T15:46:34.872198,PCI Concurso,https://www.pciconcursos.com.br/noticias/fundacao-do-abc-de-itatiba-sp-abre-46-vagas-em-novo-processo-seletivo
PM - Polícia Militar do Estado de São Paulo,,200,"R$ 5055,53",5055.53,Ensino Médio,,,,2025-10-16T15:46:34.872198,PCI Concurso,https://www.pciconcursos.com.br/noticias/pm-sp-abre-2200-vagas-em-novo-concurso-publico
Prefeitura de Birigui,,33,"R$ 9277,02",9277.02,Superior,,,,2025-10-16T15:46:34.872198,PCI Concurso,https://www.pciconcursos.com.br/noticias/prefeitura-de-birigui-sp-retifica-concurso-publico-com-salarios-de-ate-9-2-mil
Prefeitura de Cajamar,,0,"R$ 10.924,23",10924.23,Superior,,,,2025-10-16T15:46:34.873947,PCI Concurso,https://www.pciconcursos.com.br/noticias/prefeitura-de-cajamar-sp-retifica-um-dos-editais-de-concursos-publicos
Prefeitura de Guarulhos,,1,"R$ 2581,06",2581.06,Ensino Médio,,,,2025-10-16T15:46:34.873947,PCI Concurso,https://www.pciconcursos.com.br/noticias/prefeitura-de-guarulhos-sp-abre-concurso-publico-para-assistente-de-gestao-publica
Prefeitura de Osasco,,199,"R$ 6427,89",6427.89,Superior,,,,2025-10-16T15:46:34.873947,PCI Concurso,https://www.pciconcursos.com.br/noticias/prefeitura-de-osasco-sp-abre-inscricoes-para-dois-editais-de-concurso-publico
Prefeitura de Paulínia,,26,"R$ 6882,47",6882.47,Médio,,,,2025-10-16T15:46:34.873947,PCI Concurso,https://www.pciconcursos.com.br/noticias/prefeitura-de-paulinia-sp-lanca-edital-de-concurso-publico-com-26-vagas
Câmara de Alumínio,,2,"R$ 5031,30",5031.3,Superior,,,,2025-10-16T15:46:34.873947,PCI Concurso,https://www.pciconcursos.com.br/noticias/camara-de-aluminio-sp-promove-concurso-publico-com-salarios-de-ate-5-mil
Câmara de Brotas,,4,"R$ 9800,00",9800.0,Superior,,,,2025-10-16T15:46:34.873947,PCI Concurso,https://www.pciconcursos.com.br/noticias/camara-de-brotas-sp-anuncia-um-concurso-publico-com-quatro-vagas
Câmara de Franca,,1,"R$ 5944,47",5944.47,Superior,,,,2025-10-16T15:46:34.873947,PCI Concurso,https://www.pciconcursos.com.br/noticias/camara-de-franca-sp-promove-concurso-publico-para-analista-de-controle-interno
Câmara de Itirapuã,,1,"R$ 2683,43",2683.43,Ensino Médio,,,,2025-10-16T15:46:34.873947,PCI Concurso,https://www.pciconcursos.com.br/noticias/camara-de-itirapua-sp-publica-concurso-publico-para-escriturario-legislativo
Câmara de Mirassol,,9,"R$ 9637,74",9637.74,Superior,,,,2025-10-16T15:46:34.873947,PCI Concurso,https://www.pciconcursos.com.br/noticias/camara-de-mirassol-sp-publica-edital-de-concurso-publico
Câmara de Mogi das Cruzes,,18,"R$ 10.069,96",10069.96,Superior,,,,2025-10-16T15:46:34.873947,PCI Concurso,https://www.pciconcursos.com.br/noticias/concurso-publico-com-salarios-de-ate-10-mil-e-divulgado-pela-camara-de-mogi-das-cruzes-sp
Câmara de Nova Odessa,,2,"R$ 11.789,19",11789.19,Superior,,,,2025-10-16T15:46:34.873947,PCI Concurso,https://www.pciconcursos.com.br/noticias/camara-de-nova-odessa-sp-lanca-concurso-publico-com-duas-vagas-e-formacao-de-cadastro-de-reserva
Câmara de Pederneiras,,3,"R$ 3405,40",3405.4,Superior,,,,2025-10-16T15:46:34.873947,PCI Concurso,https://www.pciconcursos.com.br/noticias/camara-de-pederneiras-sp-abre-inscricoes-de-edital-de-concurso-publico
Câmara de São João da Boa Vista,,0,"R$ 7392,69",7392.69,Superior,,,,2025-10-16T15:46:34.873947,PCI Concurso,https://www.pciconcursos.com.br/noticias/camara-de-sao-joao-da-boa-vista-sp-abre-edital-de-concurso-publico-para-formar-cadastro-reserva
Câmara de São Lourenço da Serra,,2,"R$ 3005,59",3005.59,Fundamental,,,,2025-10-16T15:46:34.873947,PCI Concurso,https://www.pciconcursos.com.br/noticias/camara-de-sao-lourenco-da-serra-sp-divulga-duas-vagas-em-novo-processo-seletivo-retificado
CBM - Corpo de Bombeiros da Polícia Militar do Estado de São Paulo,,600,"R$ 1850,00",1850.0,Fundamental,,,,2025-10-16T15:46:34.873947,PCI Concurso,https://www.pciconcursos.com.br/noticias/cbm-sp-publica-edital-de-processo-seletivo-com-600-vagas
CONCHALPREV - Instituto de Previdência dos Servidores Municipais de Conchal,,1,"R$ 1700,94",1700.94,Fundamental,,,,2025-10-16T15:46:34.873947,PCI Concurso,https://www.pciconcursos.com.br/noticias/conchalprev-abre-novo-concurso-publico-para-faxineira
Consórcio Intermunicipal Cemmil,,0,"R$ 3000,00",3000.0,Fundamental,,,,2025-10-16T15:46:34.873947,PCI Concurso,https://www.pciconcursos.com.br/noticias/cemmil-sp-publica-edital-de-processo-seletivo-para-cargos-de-nivel-fundamental
CORE - Conselho Regional dos Representantes Comerciais no Estado de São Paulo,,29,"R$ 8524,51",8524.51,Superior,,,,2025-10-16T15:46:34.875954,PCI Concurso,https://www.pciconcursos.com.br/noticias/core-sp-promove-concurso-publico-com-salarios-de-ate-8-5-mil
CRA - Conselho Regional de Administração de São Paulo,,22,"R$ 5968,00",5968.0,Superior,,,,2025-10-16T15:46:34.875954,PCI Concurso,https://www.pciconcursos.com.br/noticias/cra-sp-abre-22-vagas-em-novo-concurso-publico
CREF - Conselho Regional de Educação Física - 4ª Região,,21,"R$ 10.858,90",10858.9,Superior,,,,2025-10-16T15:46:34.875954,PCI Concurso,https://www.pciconcursos.com.br/noticias/cref-da-4-regiao-informa-abertura-das-inscricoes-de-concurso-publico
EMURJA - Empresa Municipal de Urbanização de Jaboticabal,,1,"R$ 2824,30",2824.3,Fundamental,,,,2025-10-16T15:46:34.875954,PCI Concurso,https://www.pciconcursos.com.br/noticias/emurja-sp-abre-inscricoes-para-um-novo-processo-seletivo
Etec - Escola Técnica - Itapevi,,0,"R$ 22,47",22.47,Superior,,,,2025-10-16T15:46:34.875954,PCI Concurso,https://www.pciconcursos.com.br/noticias/etec-de-itapevi-sp-lanca-edital-de-processo-seletivo-para-cargo-de-professor
FAMESP - Fundação para o Desenvolvimento Médico e Hospitalar,,7,"R$ 5784,95",5784.95,Superior,,,,2025-10-16T15:46:34.875954,PCI Concurso,https://www.pciconcursos.com.br/noticias/famesp-divulga-sete-processos-seletivos-para-medicos-em-botucatu-sp
Funcamp - Faculdade de Ciências Médicas,,1,"R$ 3322,20",3322.2,Superior,,,,2025-10-16T15:46:34.875954,PCI Concurso,https://www.pciconcursos.com.br/noticias/funcamp-sp-abre-processo-seletivo-para-tecnico-de-laboratorio-pesquisador
Funcamp - Fundação de Desenvolvimento da Unicamp,,1,"R$ 2882,98",2882.98,Técnico,,,,2025-10-16T15:46:34.875954,PCI Concurso,https://www.pciconcursos.com.br/noticias/funcamp-sp-publica-processo-seletivo-para-auxiliar-de-enfermagem
FUNCAMP - Fundação de Desenvolvimento da Unicamp (AME),,1,"R$ 4276,43",4276.43,Técnico,,,,2025-10-16T15:46:34.877962,PCI Concurso,https://www.pciconcursos.com.br/noticias/funcamp-sp-publica-processo-seletivo-para-tecnico-em-equipamentos-medicos-hospitalares
Funcamp - Fundação de Desenvolvimento da Unicamp - Campinas,,1,"R$ 3380,82",3380.82,Técnico,,,,2025-10-16T15:46:34.877962,PCI Concurso,https://www.pciconcursos.com.br/noticias/funcamp-anuncia-edital-de-processo-seletivo-para-tecnico-de-enfermagem
GRAU - Grupo de Resgate,,30,"R$ 5557,50",5557.5,Superior,,,,2025-10-16T15:46:34.877962,PCI Concurso,https://www.pciconcursos.com.br/noticias/grau-ses-sp-abre-concurso-publico-para-medicos
HCRP - Hospital das Clínicas de Ribeirão Preto,,0,"R$ 2908,00",2908.0,Superior,,,,2025-10-16T15:46:34.877962,PCI Concurso,https://www.pciconcursos.com.br/noticias/hcrp-usp-abre-concurso-publico-para-fisico
"IFSP - Instituto Federal de Educação, Ciência e Tecnologia de São Paulo",,21,"R$ 8692,32",8692.32,Superior,,,,2025-10-16T15:46:34.877962,PCI Concurso,https://www.pciconcursos.com.br/noticias/ifsp-abre-concurso-publico-para-tecnicos-administrativos-em-educacao
InvestSP - Agência Paulista de Promoção de Investimentos e Competitividade,,4,"R$ 13.321,00",13321.0,Superior,,,,2025-10-16T15:46:34.877962,PCI Concurso,https://www.pciconcursos.com.br/noticias/investsp-abre-processo-seletivo-com-quatro-vagas-em-sao-paulo
MP - Ministério Público do Estado de São Paulo,,13,"R$ 18.705,85",18705.85,Superior,,,,2025-10-16T15:46:34.877962,PCI Concurso,https://www.pciconcursos.com.br/noticias/mp-sp-divulga-concurso-publico-com-salarios-de-18-7-mil
Prefeitura da Estância Turística de Avaré,,8,"R$ 5502,88",5502.88,Superior,,,,2025-10-16T15:46:34.877962,PCI Concurso,https://www.pciconcursos.com.br/noticias/prefeitura-de-estancia-turistica-de-avare-sp-abre-dois-novos-concursos-publicos
Prefeitura da Estância Turística de Joanópolis,,36,"R$ 6021,78",6021.78,Superior,,,,2025-10-16T15:46:34.877962,PCI Concurso,https://www.pciconcursos.com.br/noticias/prefeitura-da-estancia-turistica-de-joanopolis-sp-anuncia-um-concurso-publico-e-um-processo-seletivo
Prefeitura da Estância Turística de Presidente Epitácio,,63,"R$ 6341,86",6341.86,Superior,,,,2025-10-16T15:46:34.877962,PCI Concurso,https://www.pciconcursos.com.br/noticias/prefeitura-de-presidente-epitacio-sp-publica-retificacao-de-concurso-publico
Prefeitura da Estância Turística de Tremembé,,106,"R$ 5280,62",5280.62,Superior,,,,2025-10-16T15:46:34.877962,PCI Concurso,https://www.pciconcursos.com.br/noticias/prefeitura-da-estancia-turistica-de-tremembe-sp-anuncia-abertura-de-processo-seletivo-com-diversas-vagas
Prefeitura de Altinópolis,,0,"R$ 11.222,37",11222.37,Superior,,,,2025-10-16T15:46:34.877962,PCI Concurso,https://www.pciconcursos.com.br/noticias/prefeitura-de-altinopolis-sp-lanca-edital-de-concurso-publico-para-formar-cadastro-reserva
Prefeitura de Américo Brasiliense,,2,"R$ 2212,89",2212.89,Superior,,,,2025-10-16T15:46:34.877962,PCI Concurso,https://www.pciconcursos.com.br/noticias/edital-de-processo-seletivo-e-anunciado-pela-prefeitura-de-americo-brasiliense-sp
Prefeitura de Araçoiaba da Serra,,2,"R$ 6405,55",6405.55,Superior,,,,2025-10-16T15:46:34.879969,PCI Concurso,https://www.pciconcursos.com.br/noticias/prefeitura-de-aracoiaba-da-serra-sp-abre-concurso-publico-com-salarios-de-ate-6-4-mil
Prefeitura de Bariri,,1,"R$ 4748,28",4748.28,Superior,,,,2025-10-16T15:46:34.879969,PCI Concurso,https://www.pciconcursos.com.br/noticias/concurso-publico-da-prefeitura-de-bariri-sp-oferece-vaga-para-procurador-juridico
Prefeitura de Bauru,,4,"R$ 5808,50",5808.5,Superior,,,,2025-10-16T15:46:34.879969,PCI Concurso,https://www.pciconcursos.com.br/noticias/prefeitura-de-bauru-sp-abre-inscricoes-para-quatro-concursos-publicos
Prefeitura de Cajuru,,8,"R$ 4796,00",4796.0,Superior,,,,2025-10-16T15:46:34.879969,PCI Concurso,https://www.pciconcursos.com.br/noticias/prefeitura-de-cajuru-sp-divulga-retificacao-de-concurso-publico
Prefeitura de Capela do Alto,,0,"R$ 5098,65",5098.65,Superior,,,,2025-10-16T15:46:34.879969,PCI Concurso,https://www.pciconcursos.com.br/noticias/prefeitura-de-capela-do-alto-sp-prorroga-inscricoes-de-processo-seletivo
Prefeitura de Cerquilho,,0,"R$ 1420,26",1420.26,Superior,,,,2025-10-16T15:46:34.879969,PCI Concurso,https://www.pciconcursos.com.br/noticias/prefeitura-de-cerquilho-sp-retifica-edital-de-processo-seletivo-para-formar-cadastro-reserva
Prefeitura de Cristais Paulista,,0,"R$ 5251,62",5251.62,Superior,,,,2025-10-16T15:46:34.879969,PCI Concurso,https://www.pciconcursos.com.br/noticias/prefeitura-de-cristais-paulista-sp-divulga-retificacao-de-concurso-publico
Prefeitura de Cunha,,0,"R$ 8773,85",8773.85,Superior,,,,2025-10-16T15:46:34.879969,PCI Concurso,https://www.pciconcursos.com.br/noticias/prefeitura-de-cunha-sp-publica-retificacao-de-processo-seletivo
Prefeitura de Dumont,,1,"R$ 3307,58",3307.58,Ensino Médio,,,,2025-10-16T15:46:34.879969,PCI Concurso,https://www.pciconcursos.com.br/noticias/prefeitura-de-dumont-sp-abre-vaga-para-escriturario-em-novo-concurso-publico
Prefeitura de Fartura,,22,"R$ 6420,92",6420.92,Superior,,,,2025-10-16T15:46:34.879969,PCI Concurso,https://www.pciconcursos.com.br/noticias/prefeitura-de-fartura-sp-divulga-concurso-publico-com-salarios-de-ate-6-4-mil
Prefeitura de Guarantã,,2,"R$ 3815,66",3815.66,Superior,,,,2025-10-16T15:46:34.879969,PCI Concurso,https://www.pciconcursos.com.br/noticias/prefeitura-de-guaranta-sp-abre-processo-seletivo-com-vagas-para-niveis-medio-e-superior
Prefeitura de Iacanga,,12,"R$ 5876,35",5876.35,Superior,,,,2025-10-16T15:46:34.879969,PCI Concurso,https://www.pciconcursos.com.br/noticias/prefeitura-de-iacanga-sp-abre-12-vagas-em-novo-concurso-publico
Prefeitura de Itanhaém,,13,"R$ 5337,00",5337.0,Superior,,,,2025-10-16T15:46:34.879969,PCI Concurso,https://www.pciconcursos.com.br/noticias/prefeitura-de-itanhaem-sp-publica-abertura-das-inscricoes-de-edital-de-processo-seletivo
Prefeitura de Itapira,,27,"R$ 3893,11",3893.11,Superior,,,,2025-10-16T15:46:34.879969,PCI Concurso,https://www.pciconcursos.com.br/noticias/prefeitura-de-itapira-sp-publica-retificacoes-de-concurso-publico
Prefeitura de Itatiba,,0,"R$ 5137,66",5137.66,Superior,,,,2025-10-16T15:46:34.879969,PCI Concurso,https://www.pciconcursos.com.br/noticias/edital-de-processo-seletivo-e-divulgado-pela-prefeitura-de-itatiba-sp
Prefeitura de Jundiaí,,1,"R$ 3400,26",3400.26,Ensino Médio,,,,2025-10-16T15:46:34.879969,PCI Concurso,https://www.pciconcursos.com.br/noticias/prefeitura-de-jundiai-sp-abre-concurso-publico-para-o-cargo-de-agente-comunitario-de-saude
Prefeitura de Lorena,,10,"R$ 7583,07",7583.07,Superior,,,,2025-10-16T15:46:34.881976,PCI Concurso,https://www.pciconcursos.com.br/noticias/prefeitura-de-lorena-sp-abre-concurso-publico-para-diversos-cargos
Prefeitura de Lucianópolis,,1,"R$ 4011,65",4011.65,Superior,,,,2025-10-16T15:46:34.881976,PCI Concurso,https://www.pciconcursos.com.br/noticias/prefeitura-de-lucianopolis-sp-lanca-concurso-publico-para-diversos-cargos
Prefeitura de Mairiporã,,10,"R$ 3364,67",3364.67,Ensino Médio,,,,2025-10-16T15:46:34.881976,PCI Concurso,https://www.pciconcursos.com.br/noticias/prefeitura-de-mairipora-sp-publica-concurso-publico-para-guarda-civil-municipal
Prefeitura de Miracatu,,30,"R$ 6678,00",6678.0,Superior,,,,2025-10-16T15:46:34.881976,PCI Concurso,https://www.pciconcursos.com.br/noticias/prefeitura-de-miracatu-sp-promove-concurso-publico
Prefeitura de Mirante do Paranapanema,,36,"R$ 2589,66",2589.66,Superior,,,,2025-10-16T15:46:34.881976,PCI Concurso,https://www.pciconcursos.com.br/noticias/prefeitura-de-mirante-do-paranapanema-sp-publica-retificacao-de-concurso-publico
Prefeitura de Mococa,,62,"R$ 3787,74",3787.74,Superior,,,,2025-10-16T15:46:34.881976,PCI Concurso,https://www.pciconcursos.com.br/noticias/prefeitura-de-mococa-sp-abre-inscricoes-para-edital-de-concurso-publico
Prefeitura de Mogi Guaçu,,17,"R$ 3528,62",3528.62,Superior,Aberto,,,2025-10-16T15:46:34.881976,PCI Concurso,https://www.pciconcursos.com.br/noticias/prefeitura-de-mogi-guacu-sp-reabre-concurso-publico-e-processo-seletivo
Prefeitura de Neves Paulista,,3,"R$ 5238,26",5238.26,Superior,,,,2025-10-16T15:46:34.881976,PCI Concurso,https://www.pciconcursos.com.br/noticias/prefeitura-de-neves-paulista-sp-divulga-processo-seletivo-para-diretor-escolar
Prefeitura de Palestina,,127,"R$ 13.208,58",13208.58,Superior,,,,2025-10-16T15:46:34.881976,PCI Concurso,https://www.pciconcursos.com.br/noticias/prefeitura-de-palestina-sp-lanca-edital-de-concurso-publico-com-127-vagas
Prefeitura de Paranapanema,,14,"R$ 9340,04",9340.04,Superior,,,,2025-10-16T15:46:34.881976,PCI Concurso,https://www.pciconcursos.com.br/noticias/prefeitura-de-paranapanema-sp-retifica-concurso-publico-com-salarios-de-ate-9-3-mil
Prefeitura de Piedade,,80,"R$ 10.306,58",10306.58,Superior,,,,2025-10-16T15:46:34.881976,PCI Concurso,https://www.pciconcursos.com.br/noticias/prefeitura-de-piedade-sp-retifica-um-dos-editais-de-concursos-publicos
Prefeitura de Pirangi,,1,"R$ 3731,87",3731.87,Superior,,,,2025-10-16T15:46:34.881976,PCI Concurso,https://www.pciconcursos.com.br/noticias/prefeitura-de-pirangi-sp-divulga-processo-seletivo-para-cargo-de-assistente-social
Prefeitura de Presidente Epitácio,,1,"R$ 2342,65",2342.65,Superior,,,,2025-10-16T15:46:34.881976,PCI Concurso,https://www.pciconcursos.com.br/noticias/prefeitura-de-presidente-epitacio-sp-publica-processo-seletivo-com-diversos-cargos
Prefeitura de Regente Feijó,,0,"R$ 4867,77",4867.77,Superior,,,,2025-10-16T15:46:34.881976,PCI Concurso,https://www.pciconcursos.com.br/noticias/prefeitura-de-regente-feijo-sp-abre-edital-de-processo-seletivo-para-formar-cadastro-reserva
Prefeitura de Ribeirão Corrente,,5,"R$ 12.652,82",12652.82,Superior,,,,2025-10-16T15:46:34.881976,PCI Concurso,https://www.pciconcursos.com.br/noticias/prefeitura-de-ribeirao-corrente-sp-prorroga-inscricoes-de-concurso-publico
Prefeitura de Rifaina,,17,"R$ 3749,11",3749.11,Superior,,,,2025-10-16T15:46:34.881976,PCI Concurso,https://www.pciconcursos.com.br/noticias/prefeitura-de-rifaina-sp-abre-concurso-publico-para-diversas-areas
Prefeitura de Santa Gertrudes,,0,"R$ 3761,18",3761.18,Superior,,,,2025-10-16T15:46:34.881976,PCI Concurso,https://www.pciconcursos.com.br/noticias/prefeitura-de-santa-gertrudes-sp-abre-cadastro-reserva-para-diversos-cargos-em-novo-processo-seletivo
Prefeitura de Santana de Parnaíba,,11,"R$ 5568,49",5568.49,Superior,,,,2025-10-16T15:46:34.883982,PCI Concurso,https://www.pciconcursos.com.br/noticias/prefeitura-de-santana-de-parnaiba-sp-publica-edital-de-concurso-publico-com-diversos-cargos
Prefeitura de Santo Anastácio,,2,"R$ 1730,47",1730.47,Superior,,,,2025-10-16T15:46:34.883982,PCI Concurso,https://www.pciconcursos.com.br/noticias/prefeitura-de-santo-anastacio-sp-retifica-edital-de-processo-seletivo
Prefeitura de Santo Antônio da Alegria,,2,"R$ 2266,26",2266.26,Superior,,,,2025-10-16T15:46:34.883982,PCI Concurso,https://www.pciconcursos.com.br/noticias/prefeitura-de-santo-antonio-da-alegria-sp-publica-edital-de-processo-seletivo
Prefeitura de Santos,,39,"R$ 3552,09",3552.09,Médio,,,,2025-10-16T15:46:34.883982,PCI Concurso,https://www.pciconcursos.com.br/noticias/prefeitura-de-santos-sp-divulga-retificacao-de-concurso-publico
Prefeitura de São José do Rio Preto,,577,"R$ 16.232,76",16232.76,Superior,,,,2025-10-16T15:46:34.883982,PCI Concurso,https://www.pciconcursos.com.br/noticias/prefeitura-de-sao-jose-do-rio-preto-sp-informa-abertura-de-processo-seletivo-e-concurso-publico
Prefeitura de São Simão,,5,"R$ 6768,00",6768.0,Superior,,,,2025-10-16T15:46:34.883982,PCI Concurso,https://www.pciconcursos.com.br/noticias/concurso-publico-para-medicos-e-divulgado-pela-prefeitura-de-sao-simao-sp
Prefeitura de Serra Azul,,36,"R$ 3232,39",3232.39,Superior,,,,2025-10-16T15:46:34.883982,PCI Concurso,https://www.pciconcursos.com.br/noticias/edital-de-processo-seletivo-e-divulgado-pela-prefeitura-de-serra-azul-sp
Prefeitura de Sorocaba,,89,"R$ 6102,71",6102.71,Superior,,,,2025-10-16T15:46:34.883982,PCI Concurso,https://www.pciconcursos.com.br/noticias/prefeitura-de-sorocaba-sp-abre-concurso-publico-com-89-vagas
Prefeitura de Taquarivaí,,12,"R$ 14.592,79",14592.79,Superior,,,,2025-10-16T15:46:34.883982,PCI Concurso,https://www.pciconcursos.com.br/noticias/prefeitura-de-taquarivai-sp-promove-concurso-publico-com-salarios-de-ate-14-5-mil
Prefeitura de Tietê/SP,,0,"R$ 4243,43",4243.43,Superior,,,,2025-10-16T15:46:34.883982,PCI Concurso,https://www.pciconcursos.com.br/noticias/prefeitura-de-tiete-sp-abre-edital-de-processo-seletivo-para-cargos-de-niveis-medio-e-superior
Prefeitura de Timburi,,4,"R$ 3334,72",3334.72,Superior,,,,2025-10-16T15:46:34.883982,PCI Concurso,https://www.pciconcursos.com.br/noticias/prefeitura-de-timburi-sp-abre-concurso-publico-para-nivel-medio-e-superior
Prefeitura de Tuiuti,,0,"R$ 3474,30",3474.3,Superior,,,,2025-10-16T15:46:34.883982,PCI Concurso,https://www.pciconcursos.com.br/noticias/prefeitura-de-tuiuti-sp-abre-edital-de-processo-seletivo-para-formar-cadastro-reserva
Prodesan - Progresso e Desenvolvimento de Santos,,11,"R$ 6931,09",6931.09,Superior,,,,2025-10-16T15:46:34.883982,PCI Concurso,https://www.pciconcursos.com.br/noticias/prodesan-abre-inscricoes-de-tres-editais-de-processo-seletivo
SAAEB - Serviço Autônomo de Água e Esgotos de Bebedouro,,4,"R$ 7192,72",7192.72,Superior,,,,2025-10-16T15:46:34.883982,PCI Concurso,https://www.pciconcursos.com.br/noticias/saaeb-de-bebedouro-sp-publica-concurso-publico-com-salarios-de-ate-7-1-mil
SAP - Secretaria da Administração Penitenciária,,100,"R$ 4695,60",4695.6,Superior,,,,2025-10-16T15:46:34.883982,PCI Concurso,https://www.pciconcursos.com.br/noticias/sap-sp-anuncia-1100-vagas-em-novo-concurso-publico
UFABC - Universidade Federal do ABC,,45,"R$ 4967,04",4967.04,Superior,,,,2025-10-16T15:46:34.883982,PCI Concurso,https://www.pciconcursos.com.br/noticias/ufabc-abre-concurso-publico-para-diversas-areas
UNESP - Universidade Estadual Paulista,,1,"R$ 10.247,69",10247.69,Superior,,,,2025-10-16T15:46:34.883982,PCI Concurso,https://www.pciconcursos.com.br/noticias/unesp-abre-concurso-publico-para-analista-de-informatica-no-campus-de-rio-claro-sp
UNESP - Universidade Estadual Paulista - Franca,,1,"R$ 4258,11",4258.11,Fundamental,,,,2025-10-16T15:46:34.885987,PCI Concurso,https://www.pciconcursos.com.br/noticias/unesp-abre-concurso-para-assistente-operacional-ii
UNESP - Universidade Estadual Paulista Júlio de Mesquita Filho,,1,"R$ 6291,18",6291.18,Ensino Médio,,,,2025-10-16T15:46:34.885987,PCI Concurso,https://www.pciconcursos.com.br/noticias/unesp-de-guaratingueta-sp-divulga-concurso-publico-para-assistente-administrativo-ii-na-area-de-financas
UNICAMP - Universidade Estadual de Campinas,,0,"R$ 3336,54",3336.54,Fundamental,,,,2025-10-16T15:46:34.885987,PCI Concurso,https://www.pciconcursos.com.br/noticias/unicamp-sp-abre-concurso-para-operador-de-maquina-agricola
Unidade Hospital Infantil Cândido Fontoura,,3,"R$ 4631,25",4631.25,Superior,,,,2025-10-16T15:46:34.885987,PCI Concurso,https://www.pciconcursos.com.br/noticias/hospital-infantil-candido-fontoura-sp-anuncia-concurso-publico-para-cargo-de-medico
USP - Universidade de São Paulo,,16,"R$ 11.334,47",11334.47,Superior,,,,2025-10-16T15:46:34.885987,PCI Concurso,https://www.pciconcursos.com.br/noticias/usp-abre-14-concursos-publicos-para-cargos-tecnicos-e-superiores
Câmara de Angra dos Reis,,23,"R$ 5958,29",5958.29,Superior,,,,2025-10-16T15:46:34.885987,PCI Concurso,https://www.pciconcursos.com.br/noticias/camara-de-angra-dos-reis-rj-prorroga-inscricoes-de-concurso-publico
Câmara de Paraíba do Sul,,9,"R$ 2605,04",2605.04,Superior,,,,2025-10-16T15:46:34.885987,PCI Concurso,https://www.pciconcursos.com.br/noticias/camara-de-paraiba-do-sul-rj-abre-inscricoes-para-edital-de-concurso-publico
HSJB - Hospital São João Batista,,300,"R$ 1518,00",1518.0,Superior,,,,2025-10-16T15:46:34.885987,PCI Concurso,https://www.pciconcursos.com.br/noticias/hospital-sao-joao-batista-de-volta-redonda-rj-abre-concurso-publico-com-300-vagas
ALERJ - Assembleia Legislativa do Estado do Rio de Janeiro,,101,"R$ 44.008,52",44008.52,Superior,,,,2025-10-16T15:46:34.887115,PCI Concurso,https://www.pciconcursos.com.br/noticias/assembleia-legislativa-do-estado-do-rio-de-janeiro-publica-dois-editais-de-concursos-publicos
Prefeitura de Silva Jardim,,40,"R$ 3137,06",3137.06,Superior,,,,2025-10-16T15:46:34.887494,PCI Concurso,https://www.pciconcursos.com.br/noticias/prefeitura-de-silva-jardim-rj-retifica-processo-seletivo-para-diversos-cargos
Prefeitura do Rio de Janeiro,,5,"R$ 19.435,08",19435.08,Superior,,,,2025-10-16T15:46:34.887494,PCI Concurso,https://www.pciconcursos.com.br/noticias/prefeitura-do-rio-de-janeiro-rj-abre-concurso-para-gestor-de-seguranca-municipal
UNIRIO - Universidade Federal do Estado do Rio de Janeiro,,127,"R$ 4967,04",4967.04,Superior,,,,2025-10-16T15:46:34.887494,PCI Concurso,https://www.pciconcursos.com.br/noticias/unirio-promove-concurso-publico-para-tecnicos-administrativos-em-educacao
ARISMIG-Agência Reguladora Intermunicipal de Saneamento de Minas Gerais,,5,"R$ 4730,14",4730.14,Superior,,,,2025-10-16T15:46:34.887494,PCI Concurso,https://www.pciconcursos.com.br/noticias/arismig-e-ibgp-divulgam-concurso-publico-com-salarios-de-ate-4-7-mil
PMMG - Polícia Militar de Minas Gerais,,60,"R$ 11.547,07",11547.07,Superior,,,,2025-10-16T15:46:34.887494,PCI Concurso,https://www.pciconcursos.com.br/noticias/pm-mg-abre-concurso-publico-para-formacao-de-oficiais-da-policia-militar-de-minas-gerais
Prefeitura de Alfenas,,45,"R$ 2850,00",2850.0,Ensino Médio,,,,2025-10-16T15:46:34.887494,PCI Concurso,https://www.pciconcursos.com.br/noticias/prefeitura-de-alfenas-mg-abre-45-vagas-em-novo-concurso-publico
Prefeitura de Bom Sucesso,,65,"R$ 2852,34",2852.34,Superior,,,,2025-10-16T15:46:34.887494,PCI Concurso,https://www.pciconcursos.com.br/noticias/prefeitura-de-bom-sucesso-mg-retifica-edital-de-concurso-publico
Prefeitura de Contagem,,598,"R$ 12.762,55",12762.55,Superior,,,,2025-10-16T15:46:34.887494,PCI Concurso,https://www.pciconcursos.com.br/noticias/prefeitura-de-contagem-mg-abre-edital-de-concurso-publico-com-598-vagas
Prefeitura de Patos de Minas,,330,"R$ 5478,70",5478.7,Superior,,,,2025-10-16T15:46:34.887494,PCI Concurso,https://www.pciconcursos.com.br/noticias/prefeitura-de-patos-de-minas-mg-divulga-concursos-publicos-com-mais-de-300-vagas
SEJUSP - Secretaria de Estado de Justiça e Segurança Pública de Minas Gerais,,178,"R$ 5332,64",5332.64,Médio,,,,2025-10-16T15:46:34.887494,PCI Concurso,https://www.pciconcursos.com.br/noticias/sejusp-mg-abre-concurso-publico-para-policial-penal
Câmara de Arceburgo,,9,"R$ 4042,00",4042.0,Superior,,,,2025-10-16T15:46:34.887494,PCI Concurso,https://www.pciconcursos.com.br/noticias/camara-de-arceburgo-mg-publica-edital-retificado-de-concurso-publico
Câmara de Candeias,,5,"R$ 5228,00",5228.0,Superior,,,,2025-10-16T15:46:34.887494,PCI Concurso,https://www.pciconcursos.com.br/noticias/edital-de-concurso-publico-e-divulgado-pela-camara-de-candeias-mg
Câmara de Caranaíba,,1,"R$ 3690,17",3690.17,Superior,,,,2025-10-16T15:46:34.887494,PCI Concurso,https://www.pciconcursos.com.br/noticias/camara-de-caranaiba-mg-promove-concurso-publico-para-controlador-geral
Câmara de Dom Viçoso,,3,"R$ 4011,04",4011.04,Superior,,,,2025-10-16T15:46:34.889501,PCI Concurso,https://www.pciconcursos.com.br/noticias/camara-de-dom-vicoso-mg-abre-tres-vagas-em-novo-concurso-publico
Câmara de Doresópolis,,5,"R$ 3500,00",3500.0,Superior,,,,2025-10-16T15:46:34.889501,PCI Concurso,https://www.pciconcursos.com.br/noticias/camara-de-doresopolis-mg-publica-retificacao-de-concurso-publico
Câmara de Itaú de Minas,,1,"R$ 2377,95",2377.95,Ensino Médio,,,,2025-10-16T15:46:34.889501,PCI Concurso,https://www.pciconcursos.com.br/noticias/camara-de-itau-de-minas-mg-abre-concurso-publico-para-assistente-administrativo
Câmara de Monsenhor Paulo,,1,"R$ 1518,00",1518.0,Fundamental,,,,2025-10-16T15:46:34.889501,PCI Concurso,https://www.pciconcursos.com.br/noticias/concurso-publico-para-auxiliar-de-servicos-gerais-e-divulgado-em-monsenhor-paulo-mg
Câmara de Morro da Garça,,6,"R$ 2737,94",2737.94,Médio,,,,2025-10-16T15:46:34.889501,PCI Concurso,https://www.pciconcursos.com.br/noticias/camara-de-morro-da-garca-mg-abre-seis-vagas-em-novo-concurso-publico
Câmara de Santa Bárbara do Tugúrio,,2,"R$ 3038,33",3038.33,Superior,,,,2025-10-16T15:46:34.889501,PCI Concurso,https://www.pciconcursos.com.br/noticias/camara-de-santa-barbara-do-tugurio-mg-publica-edital-de-concurso-publico
Câmara de Santa Cruz do Escalvado,,3,"R$ 3010,28",3010.28,Superior,,,,2025-10-16T15:46:34.889501,PCI Concurso,https://www.pciconcursos.com.br/noticias/edital-de-concurso-publico-e-divulgado-pela-camara-de-santa-cruz-do-escalvado-mg
Câmara de São José do Divino,,7,"R$ 1752,00",1752.0,Médio,,,,2025-10-16T15:46:34.889501,PCI Concurso,https://www.pciconcursos.com.br/noticias/camara-de-sao-jose-do-divino-mg-promove-concurso-publico
Câmara de São Sebastião do Anta,,4,"R$ 1518,00",1518.0,Fundamental,,,,2025-10-16T15:46:34.891513,PCI Concurso,https://www.pciconcursos.com.br/noticias/camara-de-sao-sebastiao-do-anta-mg-abre-edital-de-concurso-publico-para-cargos-de-nivel-fundamental
Câmara de Tabuleiro,,2,"R$ 3379,17",3379.17,Ensino Médio,,,,2025-10-16T15:46:34.891513,PCI Concurso,https://www.pciconcursos.com.br/noticias/camara-de-tabuleiro-mg-promove-concurso-publico-para-agente-legislativo-e-assistente-administrativo
CEMIG - Companhia Energética de Minas Gerais,,150,"R$ 3332,24",3332.24,Fundamental,,,,2025-10-16T15:46:34.891513,PCI Concurso,https://www.pciconcursos.com.br/noticias/cemig-retifica-concurso-publico-com-150-vagas-para-eletricista
CISAB-SUL - Consórcio Intermunicipal de Saneamento Básico do Sul de Minas Gerais,,5,"R$ 5480,52",5480.52,Superior,,,,2025-10-16T15:46:34.891513,PCI Concurso,https://www.pciconcursos.com.br/noticias/cisab-sul-abre-periodo-de-inscricao-de-edital-de-processo-seletivo
CISCEN - Consórcio Intermunicipal de Saúde do Centro Nordeste,,5,"R$ 3636,00",3636.0,Superior,,,,2025-10-16T15:46:34.891513,PCI Concurso,https://www.pciconcursos.com.br/noticias/ciscen-mg-abre-processo-seletivo-para-diversos-cargos
CISLAGOS - Consórcio Intermunicipal de Saúde dos Municípios da Região dos Lagos do Sul de Minas Gerais,,1,"R$ 1999,00",1999.0,Ensino Médio,,,,2025-10-16T15:46:34.891513,PCI Concurso,https://www.pciconcursos.com.br/noticias/cislagos-publica-processo-seletivo-para-auxiliar-administrativo
CREF6 - Conselho Regional de Educação Física da 6ª Região,,14,"R$ 2280,00",2280.0,Ensino Médio,,,,2025-10-16T15:46:34.891513,PCI Concurso,https://www.pciconcursos.com.br/noticias/cref-da-6-regiao-informa-abertura-das-inscricoes-de-concurso-publico
"FAEPU - Fundação de Assistência, Estudo e Pesquisa de Uberlândia",,0,"R$ 2371,65",2371.65,Fundamental,,,,2025-10-16T15:46:34.891513,PCI Concurso,https://www.pciconcursos.com.br/noticias/faepu-lanca-edital-de-processo-seletivo-para-cargo-de-motorista-de-ambulancia
FHEMIG - Fundação Hospitalar do Estado - Barbacena,,10,"R$ 12.535,72",12535.72,Superior,,,,2025-10-16T15:46:34.891513,PCI Concurso,https://www.pciconcursos.com.br/noticias/fhemig-abre-processo-seletivo-para-medicos-em-barbacena-mg
FHEMIG - Fundação Hospitalar do Estado - Belo Horizonte,,2,"R$ 6680,12",6680.12,Superior,,,,2025-10-16T15:46:34.891513,PCI Concurso,https://www.pciconcursos.com.br/noticias/fhemig-publica-processos-seletivos-para-medicos-em-belo-horizonte-mg
FHEMIG - Fundação Hospitalar do Estado de Minas Gerais,,3,"R$ 6680,12",6680.12,Superior,,,,2025-10-16T15:46:34.891513,PCI Concurso,https://www.pciconcursos.com.br/noticias/fhemig-divulga-processo-seletivo-para-profissionais-de-nivel-superior-em-tres-coracoes
Município de Tocantins,,2,"R$ 3036,00",3036.0,Ensino Médio,,,,2025-10-16T15:46:34.891513,PCI Concurso,https://www.pciconcursos.com.br/noticias/prefeitura-de-tocantins-mg-lanca-edital-de-processo-seletivo-para-cargo-agente-comunitario-de-saude
PM - Polícia Militar de Minas Gerais,,60,"R$ 11.547,07",11547.07,Superior,,,,2025-10-16T15:46:34.891513,PCI Concurso,https://www.pciconcursos.com.br/noticias/pm-mg-abre-60-vagas-em-novo-concurso-publico
Prefeitura de Alpinópolis,,129,"R$ 5350,36",5350.36,Superior,,,,2025-10-16T15:46:34.891513,PCI Concurso,https://www.pciconcursos.com.br/noticias/prefeitura-de-alpinopolis-mg-publica-retificacao-de-concurso-publico
Prefeitura de Alvorada de Minas,,3,"R$ 17.112,06",17112.06,Superior,,,,2025-10-16T15:46:34.891513,PCI Concurso,https://www.pciconcursos.com.br/noticias/prefeitura-de-alvorada-de-minas-mg-divulga-processo-seletivo-com-remuneracao-de-ate-17-1-mil
Prefeitura de Baependi,,55,"R$ 3036,00",3036.0,Ensino Médio,,,,2025-10-16T15:46:34.891513,PCI Concurso,https://www.pciconcursos.com.br/noticias/prefeitura-de-baependi-mg-divulga-retificacao-de-processo-seletivo
Prefeitura de Belmiro Braga,,18,"R$ 7209,25",7209.25,Superior,,,,2025-10-16T15:46:34.891513,PCI Concurso,https://www.pciconcursos.com.br/noticias/prefeitura-de-belmiro-braga-mg-abre-inscricoes-para-processo-seletivo-e-concurso-publico
Prefeitura de Belo Oriente,,73,"R$ 3036,00",3036.0,Ensino Médio,,,,2025-10-16T15:46:34.891513,PCI Concurso,https://www.pciconcursos.com.br/noticias/prefeitura-de-belo-oriente-mg-abre-processo-seletivo-para-cargos-nivel-medio
Prefeitura de Brasilândia de Minas,,334,"R$ 19.659,95",19659.95,Superior,,,,2025-10-16T15:46:34.891513,PCI Concurso,https://www.pciconcursos.com.br/noticias/prefeitura-de-brasilandia-de-minas-mg-publica-retificacao-de-concurso-publico
Prefeitura de Bueno Brandão,,5,"R$ 3010,29",3010.29,Superior,,,,2025-10-16T15:46:34.891513,PCI Concurso,https://www.pciconcursos.com.br/noticias/prefeitura-de-bueno-brandao-mg-lanca-edital-de-processo-seletivo-para-cargos-de-nivel-superior
Prefeitura de Campos Altos,,0,,0.0,Superior,,,,2025-10-16T15:46:34.891513,PCI Concurso,https://www.pciconcursos.com.br/noticias/prefeitura-de-campos-altos-mg-abre-inscricoes-para-processo-seletivo
Prefeitura de Central de Minas,,5,"R$ 3036,00",3036.0,Ensino Médio,,,,2025-10-16T15:46:34.891513,PCI Concurso,https://www.pciconcursos.com.br/noticias/prefeitura-de-central-de-minas-mg-abre-cinco-vagas-em-novo-processo-seletivo
Prefeitura de Cláudio,,0,"R$ 3036,00",3036.0,Ensino Médio,,,,2025-10-16T15:46:34.891513,PCI Concurso,https://www.pciconcursos.com.br/noticias/prefeitura-de-claudio-mg-abre-processo-seletivo-para-cargo-de-agente-comunitario-de-saude
Prefeitura de Confins,,2,"R$ 3227,12",3227.12,Superior,,,,2025-10-16T15:46:34.891513,PCI Concurso,https://www.pciconcursos.com.br/noticias/prefeitura-de-confins-mg-abre-duas-vagas-em-novo-processo-seletivo
Prefeitura de Coqueiral,,8,"R$ 3036,00",3036.0,Ensino Médio,,,,2025-10-16T15:46:34.891513,PCI Concurso,https://www.pciconcursos.com.br/noticias/prefeitura-de-coqueiral-mg-lanca-edital-de-processo-seletivo-para-cargos-de-nivel-medio
Prefeitura de Córrego do Bom Jesus,,9,"R$ 3365,69",3365.69,Superior,,,,2025-10-16T15:46:34.891513,PCI Concurso,https://www.pciconcursos.com.br/noticias/prefeitura-de-corrego-do-bom-jesus-mg-retifica-um-dos-processos-seletivos
Prefeitura de Curvelo,,8,"R$ 10.323,49",10323.49,Superior,,,,2025-10-16T15:46:34.891513,PCI Concurso,https://www.pciconcursos.com.br/noticias/prefeitura-de-curvelo-mg-publica-edital-de-processo-seletivo-para-cargos-de-nivel-superior
Prefeitura de Desterro de Entre Rios,,4,"R$ 3036,00",3036.0,Ensino Médio,,,,2025-10-16T15:46:34.891513,PCI Concurso,https://www.pciconcursos.com.br/noticias/prefeitura-de-desterro-de-entre-rios-mg-abre-processo-seletivo-para-agente-comunitario-de-saude
Prefeitura de Guidoval,,107,"R$ 4500,00",4500.0,Superior,,,,2025-10-16T15:46:34.891513,PCI Concurso,https://www.pciconcursos.com.br/noticias/inscricoes-para-o-novo-concurso-publico-da-prefeitura-de-guidoval-mg-sao-anunciadas
Prefeitura de Igarapé,,49,"R$ 8198,29",8198.29,Superior,,,,2025-10-16T15:46:34.891513,PCI Concurso,https://www.pciconcursos.com.br/noticias/prefeitura-de-igarape-mg-realiza-concurso-publico-com-49-vagas-e-cadastro-reserva
Prefeitura de Iguatama,,202,"R$ 4500,00",4500.0,Superior,,,,2025-10-16T15:46:34.891513,PCI Concurso,https://www.pciconcursos.com.br/noticias/prefeitura-de-iguatama-mg-publica-edital-de-concurso-publico-com-202-vagas
Prefeitura de Imbé de Minas,,260,"R$ 3991,56",3991.56,Superior,,,,2025-10-16T15:46:34.891513,PCI Concurso,https://www.pciconcursos.com.br/noticias/prefeitura-de-imbe-de-minas-mg-publica-retificacao-de-concurso-publico
Prefeitura de Itabira,,38,"R$ 4867,77",4867.77,Superior,,,,2025-10-16T15:46:34.891513,PCI Concurso,https://www.pciconcursos.com.br/noticias/prefeitura-de-itabira-mg-publica-retificacao-de-processo-seletivo
Prefeitura de Itanhandu,,116,"R$ 16.382,32",16382.32,Superior,,,,2025-10-16T15:46:34.891513,PCI Concurso,https://www.pciconcursos.com.br/noticias/prefeitura-de-itanhandu-mg-publica-retificacao-de-concurso-publico
Prefeitura de Itaverava,,18,"R$ 3036,00",3036.0,Ensino Médio,,,,2025-10-16T15:46:34.891513,PCI Concurso,https://www.pciconcursos.com.br/noticias/prefeitura-de-itaverava-mg-anuncia-processo-seletivo-para-profissionais-de-nivel-medio
Prefeitura de Itumirim,,114,"R$ 12.679,45",12679.45,Superior,,,,2025-10-16T15:46:34.891513,PCI Concurso,https://www.pciconcursos.com.br/noticias/prefeitura-de-itumirim-mg-publica-editais-de-concurso-publico-e-processo-seletivo
Prefeitura de Iturama,,22,"R$ 3036,00",3036.0,Ensino Médio,,,,2025-10-16T15:46:34.891513,PCI Concurso,https://www.pciconcursos.com.br/noticias/prefeitura-de-iturama-mg-divulga-abertura-de-processo-seletivo-para-cargos-de-nivel-medio
Prefeitura de Jequitaí,,100,"R$ 6075,86",6075.86,Superior,,,,2025-10-16T15:46:34.891513,PCI Concurso,https://www.pciconcursos.com.br/noticias/prefeitura-de-jequitai-mg-abre-edital-de-concurso-publico-com-diversas-vagas
Prefeitura de Jequitibá,,7,"R$ 3552,28",3552.28,Superior,,,,2025-10-16T15:46:34.891513,PCI Concurso,https://www.pciconcursos.com.br/noticias/prefeitura-de-jequitiba-mg-abre-sete-vagas-em-novo-processo-seletivo
Prefeitura de Lagoa da Prata,,143,"R$ 5281,24",5281.24,Superior,,,,2025-10-16T15:46:34.891513,PCI Concurso,https://www.pciconcursos.com.br/noticias/prefeitura-de-lagoa-da-prata-mg-abre-concurso-publico-com-143-vagas
Prefeitura de Lagoa Dourada,,47,"R$ 18.849,08",18849.08,Superior,,,,2025-10-16T15:46:34.891513,PCI Concurso,https://www.pciconcursos.com.br/noticias/prefeitura-de-lagoa-dourada-mg-divulga-editais-de-concurso-publico-e-processo-seletivo
Prefeitura de Lagoa Formosa,,44,"R$ 3569,67",3569.67,Superior,,,,2025-10-16T15:46:34.891513,PCI Concurso,https://www.pciconcursos.com.br/noticias/prefeitura-de-lagoa-formosa-mg-abre-processo-seletivo-com-diversos-cargos
Prefeitura de Leopoldina,,0,"R$ 3807,60",3807.6,Superior,,,,2025-10-16T15:46:34.891513,PCI Concurso,https://www.pciconcursos.com.br/noticias/prefeitura-de-leopoldina-mg-divulga-processo-seletivo-para-profissionais-da-area-da-educacao
Prefeitura de Moeda,,1,"R$ 3036,00",3036.0,Ensino Médio,,,,2025-10-16T15:46:34.891513,PCI Concurso,https://www.pciconcursos.com.br/noticias/prefeitura-de-moeda-mg-publica-processo-seletivo-para-profissionais-de-nivel-medio
Prefeitura de Morro da Garça,,11,"R$ 3036,00",3036.0,Ensino Médio,,,,2025-10-16T15:46:34.891513,PCI Concurso,https://www.pciconcursos.com.br/noticias/prefeitura-de-morro-da-garca-mg-abre-processo-seletivo-para-profissionais-de-nivel-medio
Prefeitura de Nova Lima,,50,"R$ 2923,00",2923.0,Ensino Médio,,,,2025-10-16T15:46:34.891513,PCI Concurso,https://www.pciconcursos.com.br/noticias/prefeitura-de-nova-lima-mg-abre-edital-de-processo-seletivo-com-50-vagas
Prefeitura de Olhos D'Água,,17,"R$ 3036,00",3036.0,Ensino Médio,,,,2025-10-16T15:46:34.891513,PCI Concurso,https://www.pciconcursos.com.br/noticias/prefeitura-de-olhos-dagua-mg-abre-17-vagas-em-novo-processo-seletivo
Prefeitura de Paraisópolis,,2,"R$ 3036,00",3036.0,Ensino Médio,,,,2025-10-16T15:46:34.891513,PCI Concurso,https://www.pciconcursos.com.br/noticias/prefeitura-de-paraisopolis-mg-publica-processo-seletivo-para-agente-de-combate-as-endemias
Prefeitura de Passos,,6,"R$ 8429,26",8429.26,Superior,,,,2025-10-16T15:46:34.897780,PCI Concurso,https://www.pciconcursos.com.br/noticias/prefeitura-de-passos-mg-abre-processo-seletivo-para-diversas-areas
Prefeitura de Pedra Azul,,6,"R$ 1694,40",1694.4,Ensino Médio,,,,2025-10-16T15:46:34.897780,PCI Concurso,https://www.pciconcursos.com.br/noticias/prefeitura-de-pedra-azul-mg-abre-concurso-publico-para-cargo-de-guarda-civil-municipal
Prefeitura de Pedra do Indaiá,,23,"R$ 6465,60",6465.6,Superior,,,,2025-10-16T15:46:34.897780,PCI Concurso,https://www.pciconcursos.com.br/noticias/prefeitura-de-pedra-do-indaia-mg-retifica-concurso-publico-com-salarios-de-ate-6-4-mil
Prefeitura de Pitangui,,7,"R$ 3036,00",3036.0,Ensino Médio,,,,2025-10-16T15:46:34.897780,PCI Concurso,https://www.pciconcursos.com.br/noticias/prefeitura-de-pitangui-mg-abre-edital-de-processo-seletivo-para-cargo-de-agente-comunitario-de-saude
Prefeitura de Porto Firme,,6,"R$ 2916,52",2916.52,Superior,,,,2025-10-16T15:46:34.897780,PCI Concurso,https://www.pciconcursos.com.br/noticias/prefeitura-de-porto-firme-mg-abre-concurso-publico-para-cargos-de-niveis-medio-e-superior
Prefeitura de Queluzito,,4,"R$ 3036,00",3036.0,Médio,,,,2025-10-16T15:46:34.897780,PCI Concurso,https://www.pciconcursos.com.br/noticias/prefeitura-de-queluzito-mg-abre-processo-seletivo-para-cargos-de-niveis-fundamental-e-medio
Prefeitura de Rochedo de Minas,,0,"R$ 1776,50",1776.5,Fundamental,,,,2025-10-16T15:46:34.897780,PCI Concurso,https://www.pciconcursos.com.br/noticias/prefeitura-de-rochedo-de-minas-mg-abre-cadastro-de-reserva-para-servente-escolar-e-pedreiro
Prefeitura de Rodeiro,,136,"R$ 4108,59",4108.59,Superior,,,,2025-10-16T15:46:34.897780,PCI Concurso,https://www.pciconcursos.com.br/noticias/prefeitura-de-rodeiro-mg-lanca-edital-de-concurso-publico-com-136-vagas
Prefeitura de Santa Bárbara do Monte Verde,,13,"R$ 9726,61",9726.61,Superior,,,,2025-10-16T15:46:34.897780,PCI Concurso,https://www.pciconcursos.com.br/noticias/prefeitura-de-santa-barbara-do-monte-verde-mg-divulga-editais-de-concurso-publico-e-processo-seletivo
Prefeitura de Santo Antônio do Grama,,1,"R$ 3036,00",3036.0,Ensino Médio,,,,2025-10-16T15:46:34.897780,PCI Concurso,https://www.pciconcursos.com.br/noticias/prefeitura-de-santo-antonio-do-grama-mg-abre-processo-seletivo-para-agente-comunitario-de-saude
Prefeitura de São Gotardo,,0,"R$ 3130,03",3130.03,Superior,,,,2025-10-16T15:46:34.897780,PCI Concurso,https://www.pciconcursos.com.br/noticias/prefeitura-de-sao-gotardo-mg-publica-abertura-das-inscricoes-de-edital-de-processo-seletivo
Prefeitura de São João do Manteninha,,3,"R$ 3036,00",3036.0,Ensino Médio,,,,2025-10-16T15:46:34.897780,PCI Concurso,https://www.pciconcursos.com.br/noticias/prefeitura-de-sao-joao-do-manteninha-mg-abre-processo-seletivo-para-profissionais-de-nivel-medio
Prefeitura de São Pedro da União,,1,"R$ 1550,00",1550.0,Fundamental,,,,2025-10-16T15:46:34.897780,PCI Concurso,https://www.pciconcursos.com.br/noticias/prefeitura-de-sao-pedro-da-uniao-mg-lanca-processo-seletivo-para-auxiliar-de-servicos-gerais
Prefeitura de São Sebastião do Paraíso,,144,"R$ 4332,35",4332.35,Superior,,,,2025-10-16T15:46:34.897780,PCI Concurso,https://www.pciconcursos.com.br/noticias/prefeitura-de-sao-sebastiao-do-paraiso-mg-abre-144-vagas-em-novo-processo-seletivo
Prefeitura de Silveirânia,,1,"R$ 4844,23",4844.23,Superior,,,,2025-10-16T15:46:34.897780,PCI Concurso,https://www.pciconcursos.com.br/noticias/prefeitura-de-silveirania-mg-abre-processo-seletivo-para-cargo-de-contador
Prefeitura de Teixeiras,,80,"R$ 4034,05",4034.05,Superior,,,,2025-10-16T15:46:34.897780,PCI Concurso,https://www.pciconcursos.com.br/noticias/prefeitura-de-teixeiras-mg-abre-inscricoes-para-tres-editais-de-processo-seletivo
Prefeitura de Tiradentes,,2,"R$ 1518,00",1518.0,Fundamental,,,,2025-10-16T15:46:34.897780,PCI Concurso,https://www.pciconcursos.com.br/noticias/prefeitura-de-tiradentes-mg-abre-processo-seletivo-para-motoristas
Prefeitura de Toledo,,220,"R$ 3962,37",3962.37,Superior,,,,2025-10-16T15:46:34.897780,PCI Concurso,https://www.pciconcursos.com.br/noticias/prefeitura-de-toledo-mg-abre-220-vagas-em-novo-concurso-publico
Prefeitura de Ubaporanga,,7,"R$ 3036,00",3036.0,Ensino Médio,,,,2025-10-16T15:46:34.897780,PCI Concurso,https://www.pciconcursos.com.br/noticias/prefeitura-de-ubaporanga-mg-abre-sete-vagas-em-novo-processo-seletivo
SAAE - Serviço Autônomo de Água e Esgoto,,15,"R$ 5600,17",5600.17,Superior,,,,2025-10-16T15:46:34.897780,PCI Concurso,https://www.pciconcursos.com.br/noticias/saae-de-aimores-mg-abre-inscricoes-para-edital-de-concurso-publico-com-15-vagas
SAAE - Serviço Autônomo de Água e Esgoto do Município de Lambari,,42,"R$ 6631,94",6631.94,Superior,,,,2025-10-16T15:46:34.897780,PCI Concurso,https://www.pciconcursos.com.br/noticias/saae-de-lambari-mg-divulga-retificacao-de-concurso-publico
SAAE - Serviço Autônomo de Saneamento Básico de Itabirito,,20,"R$ 3517,03",3517.03,Fundamental,,,,2025-10-16T15:46:34.897780,PCI Concurso,https://www.pciconcursos.com.br/noticias/saae-de-itabirito-mg-publica-edital-de-processo-seletivo
SAE - Superintendência de Água e Esgoto de Ituiutaba,,27,"R$ 4946,29",4946.29,Médio,,,,2025-10-16T15:46:34.897780,PCI Concurso,https://www.pciconcursos.com.br/noticias/sae-de-ituiutaba-mg-publica-edital-de-concurso-publico-com-27-vagas
SEE - Secretaria de Estado de Educação de Minas Gerais,,0,,0.0,Superior,,,,2025-10-16T15:46:34.897780,PCI Concurso,https://www.pciconcursos.com.br/noticias/see-mg-publica-dois-editais-de-processos-seletivos
TCE - Tribunal de Contas do Estado de Minas Gerais,,30,"R$ 12.502,85",12502.85,Superior,,,,2025-10-16T15:46:34.897780,PCI Concurso,https://www.pciconcursos.com.br/noticias/tce-mg-publica-retificacao-de-concurso-publico
UEMG - Universidade do Estado de Minas Gerais,,2,"R$ 2639,24",2639.24,Ensino Médio,,,,2025-10-16T15:46:34.897780,PCI Concurso,https://www.pciconcursos.com.br/noticias/uemg-divulga-dois-editais-de-processos-seletivos-para-tecnicos-universitarios
Prefeitura de Ibertioga,,151,"R$ 5448,39",5448.39,Superior,Suspenso,,,2025-10-16T15:46:34.900862,PCI Concurso,https://www.pciconcursos.com.br/noticias/prefeitura-de-ibertioga-mg-retifica-certame-com-151-vagas
ALES - Assembleia Legislativa do Estado do Espírito Santo,,35,"R$ 9360,43",9360.43,Superior,,,,2025-10-16T15:46:34.900862,PCI Concurso,https://www.pciconcursos.com.br/noticias/ales-abre-inscricoes-para-dois-novos-concursos-publicos
Polícia Penal do Estado do Espírito Santo,,600,"R$ 5631,16",5631.16,Ensino Médio,,,,2025-10-16T15:46:34.900862,PCI Concurso,https://www.pciconcursos.com.br/noticias/policia-penal-es-publica-retificacao-de-concurso-publico-com-600-vagas
Fundação Carmélia Maria de Souza de Cultura e Comunicação Pública,,3,"R$ 4032,00",4032.0,Técnico,,,,2025-10-16T15:46:34.900862,PCI Concurso,https://www.pciconcursos.com.br/noticias/fundacao-carmelia-es-lanca-abertura-de-edital-de-processo-seletivo
IASES - Instituto de Atendimento Socioeducativo do Espírito Santo,,8,"R$ 7547,78",7547.78,Superior,,,,2025-10-16T15:46:34.900862,PCI Concurso,https://www.pciconcursos.com.br/noticias/iases-retifica-concursos-publicos-com-mais-de-1-mil-vagas
PC - Polícia Civil do Estado do Espírito Santo,,52,"R$ 8539,34",8539.34,Superior,,,,2025-10-16T15:46:34.900862,PCI Concurso,https://www.pciconcursos.com.br/noticias/policia-civil-do-espirito-santo-abre-concurso-publico-para-oficiais-investigadores-de-policia
Prefeitura de Alto Rio Novo,,260,"R$ 5120,00",5120.0,Superior,,,,2025-10-16T15:46:34.900862,PCI Concurso,https://www.pciconcursos.com.br/noticias/prefeitura-de-alto-rio-novo-es-abre-concurso-publico-com-diversas-vagas
Prefeitura de Cariacica,,2,"R$ 12.127,50",12127.5,Superior,,,,2025-10-16T15:46:34.900862,PCI Concurso,https://www.pciconcursos.com.br/noticias/prefeitura-de-cariacica-es-abre-concurso-publico-para-procurador-municipal
Prefeitura de Castelo,,0,"R$ 1518,00",1518.0,Médio,,,,2025-10-16T15:46:34.900862,PCI Concurso,https://www.pciconcursos.com.br/noticias/prefeitura-de-castelo-es-publica-edital-de-processo-seletivo-para-formar-cadastro-reserva
Prefeitura de Guaçuí,,39,"R$ 2959,58",2959.58,Superior,,,,2025-10-16T15:46:34.900862,PCI Concurso,https://www.pciconcursos.com.br/noticias/prefeitura-de-guacui-es-divulga-abertura-de-processo-seletivo-com-diversos-cargos
Prefeitura de Ibiraçu,,1,"R$ 1671,91",1671.91,Médio,,,,2025-10-16T15:46:34.900862,PCI Concurso,https://www.pciconcursos.com.br/noticias/prefeitura-de-ibiracu-es-publica-abertura-das-inscricoes-de-processo-seletivo
Prefeitura de João Neiva,,0,"R$ 1566,31",1566.31,Ensino Médio,,,,2025-10-16T15:46:34.900862,PCI Concurso,https://www.pciconcursos.com.br/noticias/prefeitura-de-joao-neiva-es-divulga-processo-seletivo-para-cuidador
Prefeitura de Pedro Canário,,98,"R$ 8500,00",8500.0,Superior,,,,2025-10-16T15:46:34.900862,PCI Concurso,https://www.pciconcursos.com.br/noticias/prefeitura-de-pedro-canario-es-divulga-retificacao-de-concurso-publico
Prefeitura de São José do Calçado,,74,"R$ 2817,85",2817.85,Superior,,,,2025-10-16T15:46:34.900862,PCI Concurso,https://www.pciconcursos.com.br/noticias/prefeitura-de-sao-jose-do-calcado-es-republica-edital-de-concurso-publico
Prefeitura de Viana,,0,"R$ 1776,50",1776.5,Médio,,,,2025-10-16T15:46:34.900862,PCI Concurso,https://www.pciconcursos.com.br/noticias/prefeitura-de-viana-es-abre-processo-seletivo-para-cadastro-reserva
Prefeitura de Vitória,,1,"R$ 2054,78",2054.78,Superior,,,,2025-10-16T15:46:34.900862,PCI Concurso,https://www.pciconcursos.com.br/noticias/prefeitura-de-vitoria-es-abre-processo-seletivo-para-tecnico-desportivo-ginastica-aerobica
SAMU - Irmandade da Santa Casa de Misericórdia de Vitória,,0,"R$ 2049,71",2049.71,Ensino Médio,,,,2025-10-16T15:46:34.900862,PCI Concurso,https://www.pciconcursos.com.br/noticias/samu-es-anuncia-abertura-de-dois-editais-de-processo-seletivo
SAMU - Serviço de Atendimento Móvel de Urgência do Espírito Santo,,0,"R$ 13.358,52",13358.52,Superior,,,,2025-10-16T15:46:34.900862,PCI Concurso,https://www.pciconcursos.com.br/noticias/samu-es-lanca-processo-seletivo-para-medicos-socorristas
Prefeitura de Cambará,,21,"R$ 2351,48",2351.48,Ensino Médio,,,,2025-10-16T15:46:34.900862,PCI Concurso,https://www.pciconcursos.com.br/noticias/prefeitura-de-cambara-pr-abre-concurso-publico-com-21-vagas
Prefeitura de Mandaguari,,20,"R$ 2500,00",2500.0,Ensino Médio,Aberto,,,2025-10-16T15:46:34.900862,PCI Concurso,https://www.pciconcursos.com.br/noticias/prefeitura-de-mandaguari-pr-reabre-inscricoes-de-concurso-publico-para-guarda-civil-municipal
Prefeitura de Palotina,,80,"R$ 18.801,94",18801.94,Superior,,,,2025-10-16T15:46:34.900862,PCI Concurso,https://www.pciconcursos.com.br/noticias/prefeitura-de-palotina-pr-publica-retificacao-de-concurso-publico
Prefeitura de Sarandi,,140,"R$ 5074,72",5074.72,Superior,,,,2025-10-16T15:46:34.900862,PCI Concurso,https://www.pciconcursos.com.br/noticias/concurso-publico-para-professores-e-divulgado-pela-prefeitura-de-sarandi-pr
SEAP - Secretaria Estadual da Administração e da Previdência,,57,"R$ 8463,20",8463.2,Superior,,,,2025-10-16T15:46:34.900862,PCI Concurso,https://www.pciconcursos.com.br/noticias/seap-pr-publica-concurso-publico-com-57-vagas
Câmara de Campo Mourão,,4,"R$ 6399,13",6399.13,Superior,,,,2025-10-16T15:46:34.900862,PCI Concurso,https://www.pciconcursos.com.br/noticias/camara-de-campo-mourao-pr-abre-concurso-publico-com-salarios-de-ate-6-3-mil
Câmara de Carambeí,,23,"R$ 7739,54",7739.54,Superior,,,,2025-10-16T15:46:34.900862,PCI Concurso,https://www.pciconcursos.com.br/noticias/camara-de-carambei-pr-publica-edital-de-concurso-publico-com-23-vagas
Câmara de Mangueirinha,,1,"R$ 3170,75",3170.75,Ensino Médio,,,,2025-10-16T15:46:34.900862,PCI Concurso,https://www.pciconcursos.com.br/noticias/camara-de-mangueirinha-pr-abre-concurso-publico-para-atendente-legislativo
Câmara de Piraquara,,6,"R$ 4209,73",4209.73,Superior,,,,2025-10-16T15:46:34.900862,PCI Concurso,https://www.pciconcursos.com.br/noticias/camara-de-piraquara-pr-informa-abertura-das-inscricoes-para-edital-de-concurso-publico
CIASOP - Consórcio Intermunicipal de Assistência Social do Oeste do Paraná,,16,"R$ 4500,00",4500.0,Superior,,,,2025-10-16T15:46:34.900862,PCI Concurso,https://www.pciconcursos.com.br/noticias/ciasop-promove-concurso-para-emprego-publico-com-16-vagas
Consamu - Consórcio de Saúde dos Municípios do Oeste do Paraná,,45,"R$ 12.803,12",12803.12,Superior,,,,2025-10-16T15:46:34.900862,PCI Concurso,https://www.pciconcursos.com.br/noticias/consamu-pr-divulga-abertura-de-processo-seletivo-com-diversas-vagas
ICMBio - Instituto Chico Mendes de Conservação da Biodiversidade - Antonina,,4,,0.0,Fundamental,,,,2025-10-16T15:46:34.900862,PCI Concurso,https://www.pciconcursos.com.br/noticias/icmbio-antonina-guaraquecaba-pr-abre-inscricoes-para-novo-processo-seletivo
MP - Ministério Público do Estado do Paraná,,10,"R$ 34.083,42",34083.42,Superior,,,,2025-10-16T15:46:34.900862,PCI Concurso,https://www.pciconcursos.com.br/noticias/mp-pr-publica-concurso-publico-para-promotores-substitutos
Prefeitura de Altamira do Paraná,,9,"R$ 2700,00",2700.0,Médio,,,,2025-10-16T15:46:34.900862,PCI Concurso,https://www.pciconcursos.com.br/noticias/prefeitura-de-altamira-do-parana-pr-abre-nove-vagas-em-novo-processo-seletivo
Prefeitura de Balsa Nova,,1,"R$ 5356,31",5356.31,Superior,,,,2025-10-16T15:46:34.900862,PCI Concurso,https://www.pciconcursos.com.br/noticias/prefeitura-de-balsa-nova-pr-abre-processo-seletivo-para-cargo-de-fonoaudiologo
Prefeitura de Campina do Simão,,0,"R$ 3576,28",3576.28,Superior,,,,2025-10-16T15:46:34.900862,PCI Concurso,https://www.pciconcursos.com.br/noticias/prefeitura-de-campina-do-simao-pr-abre-concurso-publico-para-cadastro-de-reserva
Prefeitura de Campo Largo,,8,"R$ 9099,53",9099.53,Superior,,,,2025-10-16T15:46:34.900862,PCI Concurso,https://www.pciconcursos.com.br/noticias/prefeitura-de-campo-largo-pr-publica-edital-de-concurso-publico-com-diversos-cargos
Prefeitura de Coronel Vivida,,3,"R$ 4253,43",4253.43,Superior,,,,2025-10-16T15:46:34.900862,PCI Concurso,https://www.pciconcursos.com.br/noticias/prefeitura-de-coronel-vivida-pr-abre-novo-processo-seletivo-para-assistente-social
Prefeitura de Curitiba,,100,"R$ 2671,14",2671.14,Ensino Médio,,,,2025-10-16T15:46:34.900862,PCI Concurso,https://www.pciconcursos.com.br/noticias/prefeitura-de-curitiba-pr-abre-edital-de-concurso-publico-com-100-vagas
Prefeitura de Irati,,5,"R$ 5200,00",5200.0,Superior,,,,2025-10-16T15:46:34.904415,PCI Concurso,https://www.pciconcursos.com.br/noticias/prefeitura-de-irati-pr-anuncia-5-vagas-em-novo-processo-seletivo
Prefeitura de Itaúna do Sul,,1,"R$ 3948,68",3948.68,Superior,,,,2025-10-16T15:46:34.904415,PCI Concurso,https://www.pciconcursos.com.br/noticias/prefeitura-de-itauna-do-sul-pr-abre-edital-de-processo-seletivo-para-cargos-de-niveis-fundamental-e-superior
Prefeitura de Joaquim Távora,,3,"R$ 9353,09",9353.09,Superior,,,,2025-10-16T15:46:34.904415,PCI Concurso,https://www.pciconcursos.com.br/noticias/prefeitura-de-joaquim-tavora-pr-abre-edital-de-processo-seletivo-para-cargo-de-medico-veterinario
Prefeitura de Manoel Ribas,,2,"R$ 5880,58",5880.58,Superior,,,,2025-10-16T15:46:34.904860,PCI Concurso,https://www.pciconcursos.com.br/noticias/prefeitura-de-manoel-ribas-pr-divulga-concurso-publico-para-cargos-de-nivel-superior
Prefeitura de Mato Rico,,18,"R$ 6105,60",6105.6,Superior,,,,2025-10-16T15:46:34.904860,PCI Concurso,https://www.pciconcursos.com.br/noticias/prefeitura-de-mato-rico-pr-abre-processo-seletivo-com-18-vagas
Prefeitura de Morretes,,0,"R$ 4750,00",4750.0,Superior,,,,2025-10-16T15:46:34.904860,PCI Concurso,https://www.pciconcursos.com.br/noticias/prefeitura-de-morretes-pr-publica-processo-seletivo-para-a-fundacao-de-atencao-em-saude
Prefeitura de Nova Aurora,,35,"R$ 23.900,00",23900.0,Superior,,,,2025-10-16T15:46:34.904860,PCI Concurso,https://www.pciconcursos.com.br/noticias/prefeitura-de-nova-aurora-pr-abre-edital-de-concurso-publico-com-diversas-vagas
Prefeitura de Planalto,,1,"R$ 5189,38",5189.38,Superior,,,,2025-10-16T15:46:34.904860,PCI Concurso,https://www.pciconcursos.com.br/noticias/prefeitura-de-planalto-pr-abre-processo-seletivo-para-fonoaudiologo
Prefeitura de Porto Vitória,,9,"R$ 6320,34",6320.34,Superior,,,,2025-10-16T15:46:34.904860,PCI Concurso,https://www.pciconcursos.com.br/noticias/prefeitura-de-porto-vitoria-pr-abre-processo-seletivo-com-diversas-oportunidades
Prefeitura de Quatiguá,,31,"R$ 20.718,06",20718.06,Superior,,,,2025-10-16T15:46:34.904860,PCI Concurso,https://www.pciconcursos.com.br/noticias/prefeitura-de-quatigua-pr-promove-concurso-publico-com-31-vagas
Prefeitura de Santo Inácio,,25,"R$ 4091,20",4091.2,Superior,,,,2025-10-16T15:46:34.904860,PCI Concurso,https://www.pciconcursos.com.br/noticias/prefeitura-de-santo-inacio-pr-abre-edital-de-concurso-publico-com-diversos-cargos
Prefeitura de São José da Boa Vista,,8,"R$ 2334,23",2334.23,Fundamental,,,,2025-10-16T15:46:34.904860,PCI Concurso,https://www.pciconcursos.com.br/noticias/prefeitura-de-sao-jose-da-boa-vista-pr-divulga-processo-seletivo-para-cargos-de-nivel-fundamental
Prefeitura de Teixeira Soares,,16,"R$ 4867,77",4867.77,Superior,,,,2025-10-16T15:46:34.904860,PCI Concurso,https://www.pciconcursos.com.br/noticias/prefeitura-de-teixeira-soares-pr-retifica-concurso-publico-com-salarios-de-ate-4-8-mil
SEFA - Secretária de Estado da Fazenda do Paraná,,60,"R$ 12.960,00",12960.0,Superior,,,,2025-10-16T15:46:34.904860,PCI Concurso,https://www.pciconcursos.com.br/noticias/sefa-pr-anuncia-abertura-de-concurso-publico-para-cargos-de-nivel-superior
UEL - Universidade Estadual de Londrina,,1,"R$ 7616,88",7616.88,Superior,,,,2025-10-16T15:46:34.904860,PCI Concurso,https://www.pciconcursos.com.br/noticias/uel-lanca-edital-de-processo-seletivo-para-cargo-de-analista-de-informatica
CORE - Conselho Regional dos Representantes Comerciais no Estado do Rio Grande do Sul,,4,"R$ 5000,00",5000.0,Médio,,,,2025-10-16T15:46:34.906014,PCI Concurso,https://www.pciconcursos.com.br/noticias/core-rs-retifica-concurso-publico-com-oito-vagas-em-quatro-cidades-do-rio-grande-do-sul
IGP - Instituto Geral de Perícias,,234,"R$ 17.078,17",17078.17,Superior,,,,2025-10-16T15:46:34.906014,PCI Concurso,https://www.pciconcursos.com.br/noticias/igp-rs-promove-concurso-publico-com-salarios-de-ate-17-mil
CBM - Corpo de Bombeiros Militar do Estado do Rio Grande do Sul,,544,"R$ 4572,96",4572.96,Ensino Médio,,,,2025-10-16T15:46:34.906014,PCI Concurso,https://www.pciconcursos.com.br/noticias/cbm-rs-lanca-edital-de-processo-seletivo-com-544-vagas
CREF - Conselho Regional de Educação Física - 2ª Região,,6,"R$ 5100,00",5100.0,Superior,,,,2025-10-16T15:46:34.906014,PCI Concurso,https://www.pciconcursos.com.br/noticias/cref2-rs-publica-concurso-publico-com-salarios-de-ate-5-1-mil
FHGV - Fundação Hospitalar Getúlio Vargas,,1,"R$ 14.065,63",14065.63,Superior,,,,2025-10-16T15:46:34.906014,PCI Concurso,https://www.pciconcursos.com.br/noticias/fhgv-rs-publica-edital-de-processo-seletivo
FHGV - Fundação Hospitalar Getúlio Vargas - Sapucaia do Sul,,0,"R$ 6281,75",6281.75,Superior,,,,2025-10-16T15:46:34.906014,PCI Concurso,https://www.pciconcursos.com.br/noticias/fundacao-hospitalar-getulio-vargas-lanca-edital-de-novo-processo-seletivo
HCPA - Hospital de Clínicas de Porto Alegre,,0,"R$ 9409,08",9409.08,Superior,,,,2025-10-16T15:46:34.906014,PCI Concurso,https://www.pciconcursos.com.br/noticias/hcpa-anuncia-abertura-de-dois-editais-de-processo-seletivo-para-formar-cadastro-reserva
ICMBio - Instituto Chico Mendes de Conservação da Biodiversidade,,2,,0.0,Fundamental,,,,2025-10-16T15:46:34.906014,PCI Concurso,https://www.pciconcursos.com.br/noticias/icmbio-divulga-processo-seletivo-para-agente-temporario-ambiental-em-sao-francisco-de-paula-rs
PC - Polícia Civil,,30,,0.0,Superior,,,,2025-10-16T15:46:34.906014,PCI Concurso,https://www.pciconcursos.com.br/noticias/pc-rs-abre-concurso-publico-para-delegado
Prefeitura de Arroio do Padre,,19,"R$ 5532,12",5532.12,Superior,,,,2025-10-16T15:46:34.906014,PCI Concurso,https://www.pciconcursos.com.br/noticias/prefeitura-de-arroio-do-padre-rs-divulga-retificacao-de-concurso-publico
Prefeitura de Barão de Cotegipe,,1,"R$ 2671,20",2671.2,Fundamental,,,,2025-10-16T15:46:34.906014,PCI Concurso,https://www.pciconcursos.com.br/noticias/prefeitura-de-barao-de-cotegipe-rs-abre-processo-seletivo-para-cargo-de-operador-de-maquinas-pesadas
Prefeitura de Benjamin Constant do Sul,,29,"R$ 6108,79",6108.79,Superior,,,,2025-10-16T15:46:34.906014,PCI Concurso,https://www.pciconcursos.com.br/noticias/prefeitura-de-benjamin-constant-do-sul-rs-abre-edital-de-concurso-publico-com-diversos-cargos
Prefeitura de Boa Vista do Sul,,1,"R$ 2974,96",2974.96,Médio,,,,2025-10-16T15:46:34.906014,PCI Concurso,https://www.pciconcursos.com.br/noticias/prefeitura-de-boa-vista-do-sul-rs-divulga-processo-seletivo-para-tecnico-em-enfermagem
Prefeitura de Canoas,,436,"R$ 6146,02",6146.02,Superior,,,,2025-10-16T15:46:34.906014,PCI Concurso,https://www.pciconcursos.com.br/noticias/prefeitura-de-canoas-rs-abre-edital-de-concurso-publico-com-diversas-vagas
Prefeitura de Crissiumal,,1,"R$ 2194,09",2194.09,Ensino Médio,,,,2025-10-16T15:46:34.906014,PCI Concurso,https://www.pciconcursos.com.br/noticias/prefeitura-de-crissiumal-rs-abre-processo-seletivo-para-cargo-de-monitor-de-educacao-especial
Prefeitura de Doutor Maurício Cardoso,,1,"R$ 3212,80",3212.8,Superior,,,,2025-10-16T15:46:34.906014,PCI Concurso,https://www.pciconcursos.com.br/noticias/prefeitura-de-doutor-mauricio-cardoso-rs-publica-processo-seletivo-para-licenciador-ambiental
Prefeitura de Erechim,,2,"R$ 6918,39",6918.39,Superior,,,,2025-10-16T15:46:34.906014,PCI Concurso,https://www.pciconcursos.com.br/noticias/prefeitura-de-erechim-rs-divulga-processo-seletivo-para-medico-psiquiatra
Prefeitura de Estação,,15,"R$ 11.414,51",11414.51,Superior,,,,2025-10-16T15:46:34.908019,PCI Concurso,https://www.pciconcursos.com.br/noticias/prefeitura-de-estacao-rs-abre-edital-de-concurso-publico-com-diversos-cargos
Prefeitura de Flores da Cunha,,0,"R$ 3114,17",3114.17,Ensino Médio,,,,2025-10-16T15:46:34.908019,PCI Concurso,https://www.pciconcursos.com.br/noticias/prefeitura-de-flores-da-cunha-rs-publica-processo-seletivo-para-educador-social
Prefeitura de Guaporé,,24,"R$ 7217,18",7217.18,Superior,,,,2025-10-16T15:46:34.908019,PCI Concurso,https://www.pciconcursos.com.br/noticias/edital-de-concurso-publico-e-publicado-pela-prefeitura-de-guapore-rs
Prefeitura de Ibiraiaras,,5,"R$ 1618,86",1618.86,Médio,,,,2025-10-16T15:46:34.908019,PCI Concurso,https://www.pciconcursos.com.br/noticias/prefeitura-de-ibiraiaras-rs-retifica-periodo-de-inscricoes-para-dois-processos-seletivos
Prefeitura de Imbé,,47,"R$ 6467,71",6467.71,Superior,,,,2025-10-16T15:46:34.908019,PCI Concurso,https://www.pciconcursos.com.br/noticias/prefeitura-de-imbe-rs-anuncia-abertura-de-concurso-publico-com-diversos-cargos
Prefeitura de Itaqui,,0,"R$ 16.801,90",16801.9,Superior,,,,2025-10-16T15:46:34.908019,PCI Concurso,https://www.pciconcursos.com.br/noticias/prefeitura-de-itaqui-rs-abre-processo-seletivo-para-cargos-de-niveis-medio-e-superior
Prefeitura de Itatiba do Sul,,21,"R$ 4150,80",4150.8,Superior,,,,2025-10-16T15:46:34.908019,PCI Concurso,https://www.pciconcursos.com.br/noticias/prefeitura-de-itatiba-do-sul-rs-publica-concurso-publico-com-21-vagas
Prefeitura de Novo Machado,,17,"R$ 26.857,76",26857.76,Superior,,,,2025-10-16T15:46:34.908019,PCI Concurso,https://www.pciconcursos.com.br/noticias/prefeitura-de-novo-machado-rs-abre-17-vagas-em-novo-concurso-publico
Prefeitura de Pelotas,,46,"R$ 4243,27",4243.27,Superior,,,,2025-10-16T15:46:34.908019,PCI Concurso,https://www.pciconcursos.com.br/noticias/prefeitura-de-pelotas-rs-abre-concurso-publico-para-cargos-de-nivel-superior
Prefeitura de Picada Café,,0,"R$ 18.519,11",18519.11,Superior,,,,2025-10-16T15:46:34.908019,PCI Concurso,https://www.pciconcursos.com.br/noticias/prefeitura-de-picada-cafe-rs-abre-concurso-publico-com-diversas-oportunidades
Prefeitura de Pinhal,,36,"R$ 6572,50",6572.5,Superior,,,,2025-10-16T15:46:34.908019,PCI Concurso,https://www.pciconcursos.com.br/noticias/prefeitura-de-pinhal-rs-retifica-concurso-publico-com-salarios-de-ate-6-5-mil
Prefeitura de Piratini,,12,"R$ 6190,07",6190.07,Superior,,,,2025-10-16T15:46:34.909055,PCI Concurso,https://www.pciconcursos.com.br/noticias/prefeitura-de-piratini-rs-abre-12-vagas-em-novo-processo-seletivo
Prefeitura de Porto Alegre,,39,"R$ 12.846,54",12846.54,Superior,,,,2025-10-16T15:46:34.909055,PCI Concurso,https://www.pciconcursos.com.br/noticias/prefeitura-de-porto-alegre-rs-publica-edital-de-concurso-publico
Prefeitura de Sant'Ana do Livramento,,30,"R$ 2855,92",2855.92,Ensino Médio,,,,2025-10-16T15:46:34.909055,PCI Concurso,https://www.pciconcursos.com.br/noticias/prefeitura-de-santana-do-livramento-rs-divulga-concurso-publico-para-guarda-civil-municipal
Prefeitura de Santa Cruz do Sul,,2,"R$ 7707,32",7707.32,Superior,,,,2025-10-16T15:46:34.909055,PCI Concurso,https://www.pciconcursos.com.br/noticias/prefeitura-de-santa-cruz-do-sul-rs-abre-edital-de-processo-seletivo-para-cargo-de-medico-psiquiatra
Prefeitura de Santo Antônio da Patrulha,,3,"R$ 2273,97",2273.97,Superior,,,,2025-10-16T15:46:34.909055,PCI Concurso,https://www.pciconcursos.com.br/noticias/prefeitura-de-santo-antonio-da-patrulha-rs-abre-processo-seletivo-para-instrutores-educacionais
Prefeitura de São Domingos do Sul,,38,"R$ 13.005,25",13005.25,Superior,,,,2025-10-16T15:46:34.909055,PCI Concurso,https://www.pciconcursos.com.br/noticias/prefeitura-de-sao-domingos-do-sul-rs-abre-inscricoes-para-edital-de-concurso-publico
Prefeitura de São Miguel das Missões,,1,"R$ 3563,64",3563.64,Superior,,,,2025-10-16T15:46:34.909055,PCI Concurso,https://www.pciconcursos.com.br/noticias/prefeitura-de-sao-miguel-das-missoes-rs-retifica-edital-de-concurso-publico-para-cargo-de-fonoaudiologo
Prefeitura de Soledade,,63,"R$ 11.676,40",11676.4,Superior,,,,2025-10-16T15:46:34.909055,PCI Concurso,https://www.pciconcursos.com.br/noticias/prefeitura-de-soledade-rs-anuncia-63-vagas-em-novo-concurso-publico
Prefeitura de Taquara,,10,"R$ 3036,00",3036.0,Ensino Médio,,,,2025-10-16T15:46:34.909055,PCI Concurso,https://www.pciconcursos.com.br/noticias/prefeitura-de-taquara-rs-publica-retificacao-processo-seletivo-para-profissionais-de-nivel-medio
Prefeitura de Três Coroas,,0,"R$ 5020,08",5020.08,Superior,,,,2025-10-16T15:46:34.909055,PCI Concurso,https://www.pciconcursos.com.br/noticias/prefeitura-de-tres-coroas-rs-promove-inscricoes-para-concurso-publico
Prefeitura de Três de Maio,,57,"R$ 6640,54",6640.54,Superior,,,,2025-10-16T15:46:34.909055,PCI Concurso,https://www.pciconcursos.com.br/noticias/prefeitura-de-tres-de-maio-rs-abre-inscricoes-para-edital-de-concurso-publico-com-57-vagas
Prefeitura de Tupandi,,30,"R$ 14.779,03",14779.03,Superior,,,,2025-10-16T15:46:34.909055,PCI Concurso,https://www.pciconcursos.com.br/noticias/prefeitura-de-tupandi-rs-promove-concurso-publico-com-salarios-de-ate-14-7-mil
Prefeitura de Venâncio Aires - Venâncio Aires/RS,,44,"R$ 11.735,25",11735.25,Superior,,,,2025-10-16T15:46:34.909055,PCI Concurso,https://www.pciconcursos.com.br/noticias/prefeitura-de-venancio-aires-rs-publica-concurso-publico-com-salarios-de-ate-11-7-mil
Prefeitura de Victor Graeff,,0,"R$ 1781,92",1781.92,Fundamental,,,,2025-10-16T15:46:34.909055,PCI Concurso,https://www.pciconcursos.com.br/noticias/processo-seletivo-para-auxiliar-de-limpeza-externa-e-divulgado-pela-prefeitura-de-victor-graeff-rs
UFRGS - Universidade Federal do Rio Grande do Sul,,102,"R$ 8692,32",8692.32,Superior,,,,2025-10-16T15:46:34.909055,PCI Concurso,https://www.pciconcursos.com.br/noticias/ufrgs-publica-retificacao-de-concurso-publico
Prefeitura de Joinville,,155,"R$ 10.166,36",10166.36,Superior,,,,2025-10-16T15:46:34.910569,PCI Concurso,https://www.pciconcursos.com.br/noticias/prefeitura-de-joinville-sc-publica-retificacoes-de-concurso-publico
Prefeitura de São José,,20,"R$ 11.208,61",11208.61,Superior,,,,2025-10-16T15:46:34.910569,PCI Concurso,https://www.pciconcursos.com.br/noticias/prefeitura-de-sao-jose-sc-divulga-retificacao-de-concurso-publico
Câmara de Bom Jesus do Oeste,,1,"R$ 1700,00",1700.0,Ensino Médio,,,,2025-10-16T15:46:34.910569,PCI Concurso,https://www.pciconcursos.com.br/noticias/camara-de-bom-jesus-do-oeste-sc-abre-edital-de-concurso-publico-para-cargo-de-nivel-medio
Câmara de Campo Belo do Sul,,2,"R$ 2779,80",2779.8,Superior,,,,2025-10-16T15:46:34.910569,PCI Concurso,https://www.pciconcursos.com.br/noticias/camara-de-campo-belo-do-sul-sc-retifica-concurso-publico-para-assessor-legislativo-e-contador
Câmara de Vereadores de Bom Jardim da Serra,,2,"R$ 4458,08",4458.08,Superior,,,,2025-10-16T15:46:34.910569,PCI Concurso,https://www.pciconcursos.com.br/noticias/camara-de-bom-jardim-da-serra-sc-abre-duas-vagas-em-novo-concurso-publico
Cãmara Municipal de Sul Brasil,,4,"R$ 4400,00",4400.0,Superior,,,,2025-10-16T15:46:34.910569,PCI Concurso,https://www.pciconcursos.com.br/noticias/camara-de-sul-brasil-sc-anuncia-concurso-publico-com-quatro-vagas
CIDIRIOS - Consórcio Intermunicipal de Desenvolvimento da Infraestrutura Rodoviária Entre os Rios,,0,"R$ 4250,40",4250.4,Fundamental,,,,2025-10-16T15:46:34.910569,PCI Concurso,https://www.pciconcursos.com.br/noticias/cidirios-publica-processo-seletivo-para-profissionais-alfabetizados
CISAMOSC - Consórcio Interfederativo De Saúde Do Oeste De Santa Catarina,,2,"R$ 8379,65",8379.65,Superior,,,,2025-10-16T15:46:34.910569,PCI Concurso,https://www.pciconcursos.com.br/noticias/cisamosc-retifica-concurso-publico-com-vagas-para-diversas-areas-de-atuacao
Companhia Águas de Joinville,,0,"R$ 7646,13",7646.13,Superior,,,,2025-10-16T15:46:34.910569,PCI Concurso,https://www.pciconcursos.com.br/noticias/companhia-aguas-de-joinville-sc-abre-concurso-publico-para-diversos-niveis-de-escolaridade
Companhia Hidromineral de Piratuba,,3,"R$ 2705,59",2705.59,Médio,,,,2025-10-16T15:46:34.910569,PCI Concurso,https://www.pciconcursos.com.br/noticias/companhia-hidromineral-de-piratuba-sc-abre-inscricoes-para-edital-de-concurso-publico
CRP - Conselho Regional de Psicologia - 12ª Região,,1,"R$ 3724,61",3724.61,Ensino Médio,,,,2025-10-16T15:46:34.910569,PCI Concurso,https://www.pciconcursos.com.br/noticias/crp-sc-lanca-edital-de-processo-seletivo-para-cargo-de-auxiliar-administrativo
FAHECE - Fundação de Apoio ao Hemosc/ Cepon,,2,"R$ 2494,30",2494.3,Ensino Médio,,,,2025-10-16T15:46:34.910569,PCI Concurso,https://www.pciconcursos.com.br/noticias/fahece-abre-dois-processos-seletivos-no-samu-de-sao-joaquim-e-tubarao
FAHECE - Fundação de Apoio ao Hemosc/ Cepon - Blumenau,,0,,0.0,Fundamental,,,,2025-10-16T15:46:34.910569,PCI Concurso,https://www.pciconcursos.com.br/noticias/fahece-sc-divulga-edital-de-processo-seletivo-para-auxiliar-de-higienizacao-em-blumenau
FAHECE - Fundação de Apoio ao Hemosc/ Cepon - Florianópolis,,1,"R$ 1205,48",1205.48,Ensino Médio,,,,2025-10-16T15:46:34.910569,PCI Concurso,https://www.pciconcursos.com.br/noticias/fahece-sc-abre-processo-seletivo-para-assistente-de-gestao-de-pessoas-i-pcd
FAHECE - Fundação de Apoio ao Hemosc/ Cepon - Jaraguá do Sul,,0,"R$ 2388,83",2388.83,Ensino Médio,,,,2025-10-16T15:46:34.910569,PCI Concurso,https://www.pciconcursos.com.br/noticias/fahece-abre-processo-seletivo-para-cargo-de-assistente-administrativo-i
FAHECE - Fundação de Apoio ao Hemosc/ Cepon - Mafra,,0,"R$ 2436,60",2436.6,Ensino Médio,,,,2025-10-16T15:46:34.910569,PCI Concurso,https://www.pciconcursos.com.br/noticias/fahece-abre-edital-de-processo-seletivo-para-cargo-de-assistente-administrativo-i
IMAS - Instituto Maria Schmitt,,0,,0.0,Superior,,,,2025-10-16T15:46:34.910569,PCI Concurso,https://www.pciconcursos.com.br/noticias/imas-abre-processo-seletivo-para-medico-plantonista-em-santa-catarina
IMAS - Instituto Maria Schmitt - Araranguá,,0,,0.0,Superior,,,,2025-10-16T15:46:34.912575,PCI Concurso,https://www.pciconcursos.com.br/noticias/imas-divulga-novo-processo-seletivo-para-medico-especialista
Prefeitura de Abelardo Luz,,4,"R$ 10.626,00",10626.0,Superior,,,,2025-10-16T15:46:34.912575,PCI Concurso,https://www.pciconcursos.com.br/noticias/prefeitura-de-abelardo-luz-sc-abre-concurso-publico-com-salarios-de-ate-10-6-mil
Prefeitura de Águas Frias,,0,"R$ 12.114,18",12114.18,Superior,,,,2025-10-16T15:46:34.912575,PCI Concurso,https://www.pciconcursos.com.br/noticias/prefeitura-de-aguas-frias-sc-abre-edital-de-processo-seletivo-para-formar-cadastro-reserva
Prefeitura de Anchieta,,0,"R$ 26.540,30",26540.3,Superior,,,,2025-10-16T15:46:34.912575,PCI Concurso,https://www.pciconcursos.com.br/noticias/prefeitura-de-anchieta-sc-lanca-edital-de-novo-processo-seletivo
Prefeitura de Apiúna,,0,"R$ 4917,57",4917.57,Superior,,,,2025-10-16T15:46:34.912575,PCI Concurso,https://www.pciconcursos.com.br/noticias/prefeitura-de-apiuna-sc-divulga-edital-de-processo-seletivo-com-salarios-de-ate-4-9-mil
Prefeitura de Arabutã,,12,"R$ 6396,72",6396.72,Superior,,,,2025-10-16T15:46:34.912575,PCI Concurso,https://www.pciconcursos.com.br/noticias/prefeitura-de-arabuta-sc-promove-concurso-publico-com-salarios-de-ate-6-3-mil
Prefeitura de Arvoredo,,24,"R$ 5256,37",5256.37,Superior,,,,2025-10-16T15:46:34.912575,PCI Concurso,https://www.pciconcursos.com.br/noticias/prefeitura-de-arvoredo-sc-abre-processo-seletivo-com-24-vagas
Prefeitura de Balneário Camboriú,,0,"R$ 6166,43",6166.43,Superior,,,,2025-10-16T15:46:34.912575,PCI Concurso,https://www.pciconcursos.com.br/noticias/prefeitura-de-balneario-camboriu-sc-abre-processo-seletivo-para-formar-cadastro-reserva
Prefeitura de Balneário Piçarras,,4,"R$ 5110,72",5110.72,Superior,,,,2025-10-16T15:46:34.914322,PCI Concurso,https://www.pciconcursos.com.br/noticias/prefeitura-de-balneario-picarras-sc-abre-quatro-vagas-em-novo-processo-seletivo
Prefeitura de Bocaina do Sul,,0,"R$ 3795,50",3795.5,Superior,,,,2025-10-16T15:46:34.914322,PCI Concurso,https://www.pciconcursos.com.br/noticias/prefeitura-de-bocaina-do-sul-sc-lanca-abertura-de-edital-de-processo-seletivo
Prefeitura de Bom Jesus do Oeste,,20,"R$ 20.435,27",20435.27,Superior,,,,2025-10-16T15:46:34.914322,PCI Concurso,https://www.pciconcursos.com.br/noticias/prefeitura-de-bom-jesus-do-oeste-sc-retifica-concurso-publico-e-processo-seletivo-para-diversos-niveis-de-ensino
Prefeitura de Bombinhas,,0,"R$ 11.011,15",11011.15,Superior,,,,2025-10-16T15:46:34.914322,PCI Concurso,https://www.pciconcursos.com.br/noticias/prefeitura-de-bombinhas-sc-divulga-retificacao-de-processo-seletivo-com-salarios-de-ate-11-mil
Prefeitura de Campo Belo do Sul,,62,"R$ 18.438,44",18438.44,Superior,,,,2025-10-16T15:46:34.914322,PCI Concurso,https://www.pciconcursos.com.br/noticias/prefeitura-de-campo-belo-do-sul-sc-publica-retificacoes-de-processo-seletivo-e-concurso-publico
Prefeitura de Capinzal,,87,"R$ 24.730,15",24730.15,Superior,,,,2025-10-16T15:46:34.914322,PCI Concurso,https://www.pciconcursos.com.br/noticias/prefeitura-de-capinzal-sc-divulga-processos-seletivos-com-salarios-de-ate-24-7-mil
Prefeitura de Chapadão do Lageado,,28,"R$ 20.472,06",20472.06,Superior,,,,2025-10-16T15:46:34.914322,PCI Concurso,https://www.pciconcursos.com.br/noticias/prefeitura-de-chapadao-do-lageado-sc-promove-concurso-publico-com-salarios-de-ate-20-4-mil
Prefeitura de Chapecó,,11,"R$ 9041,15",9041.15,Superior,,,,2025-10-16T15:46:34.914322,PCI Concurso,https://www.pciconcursos.com.br/noticias/prefeitura-de-chapeco-sc-lanca-processo-seletivo-com-11-vagas-para-medicos-e-veterinarios
Prefeitura de Criciúma,,40,"R$ 1648,80",1648.8,Superior,,,,2025-10-16T15:46:34.914322,PCI Concurso,https://www.pciconcursos.com.br/noticias/prefeitura-de-criciuma-sc-publica-concurso-publico-para-auxiliar-de-servicos-educacionais
Prefeitura de Cunha Porã,,0,"R$ 21.375,60",21375.6,Superior,,,,2025-10-16T15:46:34.914322,PCI Concurso,https://www.pciconcursos.com.br/noticias/prefeitura-de-cunha-pora-sc-abre-concurso-publico-com-salarios-de-ate-21-3-mil
Prefeitura de Curitibanos,,20,"R$ 24.946,24",24946.24,Superior,,,,2025-10-16T15:46:34.914322,PCI Concurso,https://www.pciconcursos.com.br/noticias/prefeitura-de-curitibanos-sc-anuncia-retificacao-de-processo-seletivo
Prefeitura de Descanso,,0,"R$ 21.067,76",21067.76,Superior,,,,2025-10-16T15:46:34.914322,PCI Concurso,https://www.pciconcursos.com.br/noticias/prefeitura-de-descanso-sc-divulga-abertura-das-inscricoes-para-processo-seletivo
Prefeitura de Dionísio Cerqueira,,0,"R$ 4051,28",4051.28,Superior,,,,2025-10-16T15:46:34.914322,PCI Concurso,https://www.pciconcursos.com.br/noticias/prefeitura-de-dionisio-cerqueira-sc-abre-processo-seletivo-para-formar-cadastro-reserva
Prefeitura de Florianópolis,,0,"R$ 5505,80",5505.8,Superior,,,,2025-10-16T15:46:34.914322,PCI Concurso,https://www.pciconcursos.com.br/noticias/prefeitura-de-florianopolis-sc-abre-processo-seletivo-para-formar-cadastro-reserva
Prefeitura de Forquilhinha,,46,"R$ 17.336,84",17336.84,Superior,,,,2025-10-16T15:46:34.914322,PCI Concurso,https://www.pciconcursos.com.br/noticias/prefeitura-de-forquilhinha-sc-abre-46-vagas-em-novo-processo-seletivo
Prefeitura de Garuva,,0,"R$ 6890,10",6890.1,Superior,,,,2025-10-16T15:46:34.914322,PCI Concurso,https://www.pciconcursos.com.br/noticias/prefeitura-de-garuva-sc-promove-inscricoes-para-novo-processo-seletivo
Prefeitura de Gaspar,,0,"R$ 5199,50",5199.5,Superior,,,,2025-10-16T15:46:34.916328,PCI Concurso,https://www.pciconcursos.com.br/noticias/prefeitura-de-gaspar-sc-publica-edital-de-processo-seletivo
Prefeitura de Grão-Pará,,2,"R$ 3036,00",3036.0,Médio,,,,2025-10-16T15:46:34.917007,PCI Concurso,https://www.pciconcursos.com.br/noticias/prefeitura-de-grao-para-sc-abre-dois-processos-seletivos
Prefeitura de Gravatal,,0,"R$ 4875,85",4875.85,Superior,,,,2025-10-16T15:46:34.917007,PCI Concurso,https://www.pciconcursos.com.br/noticias/prefeitura-de-gravatal-sc-abre-processo-seletivo-para-cadastro-reserva-em-diversas-areas
Prefeitura de Guabiruba,,5,"R$ 10.690,61",10690.61,Superior,,,,2025-10-16T15:46:34.917007,PCI Concurso,https://www.pciconcursos.com.br/noticias/prefeitura-de-guabiruba-sc-republica-edital-de-processo-seletivo
Prefeitura de Guaraciaba,,1,"R$ 8233,59",8233.59,Superior,,,,2025-10-16T15:46:34.917007,PCI Concurso,https://www.pciconcursos.com.br/noticias/prefeitura-de-guaraciaba-sc-anuncia-vaga-para-contador-em-processo-seletivo
Prefeitura de Imbituba,,0,"R$ 4365,12",4365.12,Superior,,,,2025-10-16T15:46:34.917007,PCI Concurso,https://www.pciconcursos.com.br/noticias/prefeitura-de-imbituba-sc-abre-dois-processos-seletivos-para-diversas-areas
Prefeitura de Imbuia,,0,"R$ 4867,77",4867.77,Superior,,,,2025-10-16T15:46:34.917007,PCI Concurso,https://www.pciconcursos.com.br/noticias/prefeitura-de-imbuia-sc-publica-processo-seletivo-para-cargos-de-nivel-superior
Prefeitura de Indaial,,0,"R$ 4965,61",4965.61,Superior,,,,2025-10-16T15:46:34.917007,PCI Concurso,https://www.pciconcursos.com.br/noticias/prefeitura-de-indaial-sc-divulga-edital-de-processo-seletivo
Prefeitura de Iomerê,,8,"R$ 33.095,15",33095.15,Superior,,,,2025-10-16T15:46:34.917007,PCI Concurso,https://www.pciconcursos.com.br/noticias/prefeitura-de-iomere-sc-abre-oito-vagas-em-novo-processo-seletivo
Prefeitura de Irineópolis,,10,"R$ 5841,32",5841.32,Superior,,,,2025-10-16T15:46:34.917007,PCI Concurso,https://www.pciconcursos.com.br/noticias/prefeitura-de-irineopolis-sc-abre-processo-seletivo-para-cargos-de-nivel-superior
Prefeitura de Itapoá,,0,"R$ 4959,51",4959.51,Superior,,,,2025-10-16T15:46:34.917007,PCI Concurso,https://www.pciconcursos.com.br/noticias/prefeitura-de-itapoa-sc-publica-retificacao-de-processo-seletivo
Prefeitura de Jaraguá do Sul,,13,"R$ 4867,77",4867.77,Superior,,,,2025-10-16T15:46:34.917007,PCI Concurso,https://www.pciconcursos.com.br/noticias/prefeitura-de-jaragua-do-sul-sc-publica-processo-seletivo-para-cargos-de-niveis-medio-e-superior
Prefeitura de Lages,,385,"R$ 3993,98",3993.98,Superior,,,,2025-10-16T15:46:34.917007,PCI Concurso,https://www.pciconcursos.com.br/noticias/prefeitura-de-lages-sc-abre-edital-de-processo-seletivo-com-diversos-cargos
Prefeitura de Luiz Alves,,54,"R$ 14.257,79",14257.79,Superior,,,,2025-10-16T15:46:34.917007,PCI Concurso,https://www.pciconcursos.com.br/noticias/prefeitura-de-luiz-alves-sc-abre-inscricoes-de-editais-de-concurso-publico-e-processo-seletivo
Prefeitura de Mafra,,2,"R$ 1879,79",1879.79,Fundamental,,,,2025-10-16T15:46:34.917007,PCI Concurso,https://www.pciconcursos.com.br/noticias/prefeitura-de-mafra-sc-abre-duas-vagas-em-novo-processo-seletivo
Prefeitura de Maracajá,,84,"R$ 5941,23",5941.23,Superior,,,,2025-10-16T15:46:34.917007,PCI Concurso,https://www.pciconcursos.com.br/noticias/prefeitura-de-maracaja-sc-publica-edital-de-processo-seletivo-com-diversos-cargos
Prefeitura de Maravilha,,0,"R$ 2687,95",2687.95,Superior,,,,2025-10-16T15:46:34.917007,PCI Concurso,https://www.pciconcursos.com.br/noticias/prefeitura-de-maravilha-sc-publica-processo-seletivo-para-formar-cadastro-reserva
Prefeitura de Navegantes,,0,"R$ 6062,90",6062.9,Superior,,,,2025-10-16T15:46:34.917007,PCI Concurso,https://www.pciconcursos.com.br/noticias/prefeitura-de-navegantes-sc-divulga-processo-seletivo-para-formar-cadastro-reserva
Prefeitura de Palhoça,,6,"R$ 5841,32",5841.32,Superior,,,,2025-10-16T15:46:34.917007,PCI Concurso,https://www.pciconcursos.com.br/noticias/prefeitura-de-palhoca-sc-abre-seis-vagas-em-novo-processo-seletivo
Prefeitura de Paraíso,,32,"R$ 14.634,92",14634.92,Superior,,,,2025-10-16T15:46:34.917007,PCI Concurso,https://www.pciconcursos.com.br/noticias/prefeitura-de-paraiso-sc-abre-inscricoes-para-tres-editais-de-processo-seletivo
Prefeitura de Pinhalzinho,,0,"R$ 5193,39",5193.39,Superior,,,,2025-10-16T15:46:34.917007,PCI Concurso,https://www.pciconcursos.com.br/noticias/prefeitura-de-pinhalzinho-sc-abre-processo-seletivo-para-a-secretaria-municipal-de-educacao
Prefeitura de Piratuba,,0,"R$ 14.464,72",14464.72,Superior,,,,2025-10-16T15:46:34.917007,PCI Concurso,https://www.pciconcursos.com.br/noticias/prefeitura-de-piratuba-sc-publica-edital-de-processo-seletivo-com-diversos-cargos
Prefeitura de Praia Grande,,133,"R$ 15.169,76",15169.76,Superior,,,,2025-10-16T15:46:34.917007,PCI Concurso,https://www.pciconcursos.com.br/noticias/prefeitura-de-praia-grande-sc-retifica-edital-de-concurso-publico-com-diversos-cargos
Prefeitura de Rodeio,,0,"R$ 3790,61",3790.61,Superior,,,,2025-10-16T15:46:34.917007,PCI Concurso,https://www.pciconcursos.com.br/noticias/prefeitura-de-rodeio-sc-abre-processo-seletivo-para-formar-cadastro-reserva
Prefeitura de Sangão,,0,"R$ 7367,88",7367.88,Superior,,,,2025-10-16T15:46:34.917007,PCI Concurso,https://www.pciconcursos.com.br/noticias/prefeitura-de-sangao-sc-retifica-edital-de-processo-seletivo-para-formar-cadastro-reserva
Prefeitura de Santa Terezinha do Progresso,,6,"R$ 5226,70",5226.7,Superior,,,,2025-10-16T15:46:34.917007,PCI Concurso,https://www.pciconcursos.com.br/noticias/prefeitura-de-santa-terezinha-do-progresso-sc-prorroga-inscricoes-de-processo-seletivo-e-concurso-publico
Prefeitura de Santiago do Sul,,0,"R$ 10.381,66",10381.66,Superior,,,,2025-10-16T15:46:34.917007,PCI Concurso,https://www.pciconcursos.com.br/noticias/prefeitura-de-santiago-do-sul-sc-abre-processo-seletivo-com-salarios-de-ate-10-3-mil
Prefeitura de São Carlos - Santa Catarina,,0,"R$ 8834,88",8834.88,Superior,,,,2025-10-16T15:46:34.917007,PCI Concurso,https://www.pciconcursos.com.br/noticias/prefeitura-de-sao-carlos-sc-divulga-retificacoes-de-processos-seletivos
Prefeitura de São Domingos,,32,"R$ 9779,12",9779.12,Superior,,,,2025-10-16T15:46:34.920641,PCI Concurso,https://www.pciconcursos.com.br/noticias/prefeitura-de-sao-domingos-sc-abre-inscricoes-para-processo-seletivo-e-concurso-publico
Prefeitura de São João Batista,,105,"R$ 13.636,72",13636.72,Superior,,,,2025-10-16T15:46:34.920641,PCI Concurso,https://www.pciconcursos.com.br/noticias/prefeitura-de-sao-joao-batista-sc-abre-cinco-concursos-publicos-para-diversos-cargos
Prefeitura de São Miguel do Oeste,,0,"R$ 25.111,68",25111.68,Superior,,,,2025-10-16T15:46:34.921179,PCI Concurso,https://www.pciconcursos.com.br/noticias/prefeitura-de-sao-miguel-do-oeste-sc-abre-concurso-publico-e-processo-seletivo
Prefeitura de Schroeder,,22,"R$ 5354,55",5354.55,Superior,,,,2025-10-16T15:46:34.921179,PCI Concurso,https://www.pciconcursos.com.br/noticias/prefeitura-de-schroeder-sc-lanca-edital-de-processo-seletivo-para-diversos-cargos
Prefeitura de Tangará,,3,"R$ 2200,00",2200.0,Médio,,,,2025-10-16T15:46:34.921179,PCI Concurso,https://www.pciconcursos.com.br/noticias/prefeitura-de-tangara-sc-divulga-abertura-de-processo-seletivo
Prefeitura de Tigrinhos,,25,"R$ 8837,35",8837.35,Superior,,,,2025-10-16T15:46:34.921179,PCI Concurso,https://www.pciconcursos.com.br/noticias/prefeitura-de-tigrinhos-sc-anuncia-25-vagas-em-concurso-publico-e-processo-seletivo
Prefeitura de Treviso,,9,"R$ 4380,07",4380.07,Superior,,,,2025-10-16T15:46:34.921179,PCI Concurso,https://www.pciconcursos.com.br/noticias/prefeitura-de-treviso-sc-abre-processo-seletivo-para-diversos-cargos
Prefeitura de Treze Tílias,,0,"R$ 31.025,34",31025.34,Superior,,,,2025-10-16T15:46:34.921179,PCI Concurso,https://www.pciconcursos.com.br/noticias/prefeitura-de-treze-tilias-sc-abre-inscricoes-para-novo-processo-seletivo
Prefeitura de Tubarão,,25,"R$ 3036,00",3036.0,Ensino Médio,,,,2025-10-16T15:46:34.921179,PCI Concurso,https://www.pciconcursos.com.br/noticias/prefeitura-de-tubarao-sc-publica-retificacao-de-processo-seletivo
Prefeitura de Vargeão,,0,"R$ 5515,00",5515.0,Superior,,,,2025-10-16T15:46:34.921179,PCI Concurso,https://www.pciconcursos.com.br/noticias/prefeitura-de-vargeao-sc-publica-edital-de-processo-seletivo-para-formar-cadastro-reserva
Prefeitura de Zortéa,,3,"R$ 28.607,72",28607.72,Superior,,,,2025-10-16T15:46:34.921179,PCI Concurso,https://www.pciconcursos.com.br/noticias/prefeitura-de-zortea-sc-publica-processo-seletivo-com-salarios-de-ate-28-6-mil
SCGÁS - Companhia de Gás de Santa Catarina,,1,"R$ 11.804,47",11804.47,Superior,,,,2025-10-16T15:46:34.921179,PCI Concurso,https://www.pciconcursos.com.br/noticias/scgas-abre-concurso-publico-para-engenheiros
Secretaria de Estado da Saúde de Santa Catarina,,511,"R$ 9499,54",9499.54,Superior,,,,2025-10-16T15:46:34.921179,PCI Concurso,https://www.pciconcursos.com.br/noticias/secretaria-da-saude-de-santa-catarina-abre-concurso-publico-com-diversas-vagas
SED - Secretaria de Estado da Educação,,394,,0.0,Superior,,,,2025-10-16T15:46:34.921179,PCI Concurso,https://www.pciconcursos.com.br/noticias/sed-sc-abre-inscricoes-para-tres-processos-seletivos
SES - Secretaria de Estado da Saúde de Santa Catarina,,23,"R$ 5212,32",5212.32,Superior,,,,2025-10-16T15:46:34.922991,PCI Concurso,https://www.pciconcursos.com.br/noticias/ses-sc-publica-abertura-de-processo-seletivo-para-cargos-de-niveis-medio-e-superior
CISREUNO - Consórcio Intermunicipal de Saúde da Rede de Urgência e Emergência da Região Ampliada Noroeste,,0,"R$ 9953,15",9953.15,Superior,,,,2025-10-16T15:46:34.922991,PCI Concurso,https://www.pciconcursos.com.br/noticias/cisreuno-abre-processo-seletivo-para-cadastro-reserva-em-diversas-areas
CBMDF - Corpo de Bombeiros Militar do Distrito Federal,,356,"R$ 15.287,06",15287.06,Superior,,,,2025-10-16T15:46:34.922991,PCI Concurso,https://www.pciconcursos.com.br/noticias/cbmdf-retifica-concursos-publicos-para-o-curso-de-formacao-de-pracas
IGESDF - Instituto de Gestão Estratégica da Saúde do Distrito Federal,,0,"R$ 12.744,02",12744.02,Superior,,,,2025-10-16T15:46:34.922991,PCI Concurso,https://www.pciconcursos.com.br/noticias/igesdf-publica-dois-editais-de-processo-seletivo-para-formar-cadastro-reserva
Prefeitura de Catalão,,140,"R$ 9914,08",9914.08,Superior,,,,2025-10-16T15:46:34.922991,PCI Concurso,https://www.pciconcursos.com.br/noticias/prefeitura-de-catalao-go-abre-inscricoes-para-edital-de-concurso-publico-com-diversas-vagas
Prefeitura de Nova Veneza,,224,"R$ 4318,18",4318.18,Superior,,,,2025-10-16T15:46:34.922991,PCI Concurso,https://www.pciconcursos.com.br/noticias/prefeitura-de-nova-veneza-go-abre-224-vagas-em-novo-concurso-publico
Câmara de Itumbiara,,10,"R$ 8977,82",8977.82,Superior,,,,2025-10-16T15:46:34.922991,PCI Concurso,https://www.pciconcursos.com.br/noticias/camara-de-itumbiara-go-promove-concurso-publico-com-salarios-de-ate-8-9-mil
CRMV - Conselho Regional de Medicina Veterinária do Estado de Goiás,,6,"R$ 12.028,49",12028.49,Superior,,,,2025-10-16T15:46:34.922991,PCI Concurso,https://www.pciconcursos.com.br/noticias/crmv-go-abre-edital-de-concurso-publico-para-cargos-de-niveis-medio-e-superior
MP - Ministério Público do Estado de Goiás,,0,"R$ 34.083,41",34083.41,Superior,,,,2025-10-16T15:46:34.922991,PCI Concurso,https://www.pciconcursos.com.br/noticias/mp-go-anuncia-abertura-das-inscricoes-para-edital-de-concurso-publico
Prefeitura de Aloândia,,11,"R$ 8000,00",8000.0,Superior,,,,2025-10-16T15:46:34.922991,PCI Concurso,https://www.pciconcursos.com.br/noticias/prefeitura-de-aloandia-go-lanca-edital-de-concurso-publico-com-11-vagas
Prefeitura de Caldazinha,,61,"R$ 3654,00",3654.0,Superior,,,,2025-10-16T15:46:34.922991,PCI Concurso,https://www.pciconcursos.com.br/noticias/prefeitura-de-caldazinha-go-publica-edital-de-concurso-publico-com-diversos-cargos
Prefeitura de Cidade Ocidental,,266,"R$ 4867,77",4867.77,Superior,,,,2025-10-16T15:46:34.922991,PCI Concurso,https://www.pciconcursos.com.br/noticias/prefeitura-de-cidade-ocidental-go-lanca-edital-de-processo-seletivo-com-266-vagas
Prefeitura de Nova Roma,,66,"R$ 7366,10",7366.1,Superior,Aberto,,,2025-10-16T15:46:34.922991,PCI Concurso,https://www.pciconcursos.com.br/noticias/prefeitura-de-nova-roma-go-retifica-concurso-publico
Prefeitura de Novo Planalto,,32,"R$ 4867,77",4867.77,Superior,,,,2025-10-16T15:46:34.922991,PCI Concurso,https://www.pciconcursos.com.br/noticias/prefeitura-de-novo-planalto-go-abre-32-vagas-em-novo-concurso-publico
Prefeitura de Planaltina,,210,"R$ 9515,24",9515.24,Superior,,,,2025-10-16T15:46:34.922991,PCI Concurso,https://www.pciconcursos.com.br/noticias/prefeitura-de-planaltina-go-divulga-abertura-de-concurso-publico-com-salarios-de-ate-9-5-mil
Prefeitura de Rianápolis,,5,"R$ 2306,00",2306.0,Superior,,,,2025-10-16T15:46:34.922991,PCI Concurso,https://www.pciconcursos.com.br/noticias/prefeitura-de-rianapolis-go-publica-edital-retificado-de-concurso-publico
Prefeitura de Rio Verde,,11,"R$ 2113,00",2113.0,Ensino Médio,,,,2025-10-16T15:46:34.922991,PCI Concurso,https://www.pciconcursos.com.br/noticias/prefeitura-de-rio-verde-go-abre-processo-seletivo-para-atendente-plantonista
Prefeitura de Senador Canedo,,28,"R$ 2488,06",2488.06,Médio,,,,2025-10-16T15:46:34.922991,PCI Concurso,https://www.pciconcursos.com.br/noticias/prefeitura-de-senador-canedo-go-abre-28-vagas-em-novo-processo-seletivo
SEAD - Secretaria de Estado da Administração,,150,"R$ 9434,70",9434.7,Superior,,,,2025-10-16T15:46:34.922991,PCI Concurso,https://www.pciconcursos.com.br/noticias/sead-go-publica-abertura-de-processo-seletivo-com-150-vagas
MSGÁS - Companhia de Gás do Estado de Mato Grosso do Sul,,3,"R$ 10.699,81",10699.81,Superior,,,,2025-10-16T15:46:34.922991,PCI Concurso,https://www.pciconcursos.com.br/noticias/msgas-prorroga-inscricoes-de-concurso-publico-com-salarios-de-ate-10-6-mil
Prefeitura de Batayporã e Câmara de Batayporã,,70,"R$ 16.879,92",16879.92,Superior,,,,2025-10-16T15:46:34.922991,PCI Concurso,https://www.pciconcursos.com.br/noticias/prefeitura-e-a-camara-de-bataypora-ms-abrem-inscricoes-de-editais-de-concurso-publico
Prefeitura de Campo Grande,,0,"R$ 1600,00",1600.0,Fundamental,,,,2025-10-16T15:46:34.922991,PCI Concurso,https://www.pciconcursos.com.br/noticias/prefeitura-de-campo-grande-ms-publica-edital-de-processo-seletivo-para-formar-cadastro-reserva
Prefeitura de Eldorado,,2,"R$ 4728,10",4728.1,Superior,,,,2025-10-16T15:46:34.922991,PCI Concurso,https://www.pciconcursos.com.br/noticias/prefeitura-de-eldorado-ms-publica-processo-seletivo-para-motorista-e-fisioterapeuta
Prefeitura de Laguna Carapã,,3,"R$ 1294,49",1294.49,Fundamental,,,,2025-10-16T15:46:34.922991,PCI Concurso,https://www.pciconcursos.com.br/noticias/prefeitura-de-laguna-carapa-ms-abre-novo-processo-seletivo-para-trabalhador-bracal
Prefeitura de Paranhos,,236,"R$ 5970,24",5970.24,Superior,,,,2025-10-16T15:46:34.922991,PCI Concurso,https://www.pciconcursos.com.br/noticias/prefeitura-de-paranhos-ms-divulga-processos-seletivos-com-mais-de-200-vagas
Prefeitura de Pedro Gomes,,1,"R$ 4650,14",4650.14,Superior,,,,2025-10-16T15:46:34.922991,PCI Concurso,https://www.pciconcursos.com.br/noticias/prefeitura-de-pedro-gomes-ms-abre-novo-processo-seletivo-com-salarios-de-ate-4-6-mil
Prefeitura de São Gabriel do Oeste,,0,"R$ 8271,03",8271.03,Superior,,,,2025-10-16T15:46:34.922991,PCI Concurso,https://www.pciconcursos.com.br/noticias/prefeitura-de-sao-gabriel-do-oeste-ms-abre-edital-de-processo-seletivo-para-formar-cadastro
TJMS - Tribunal de Justiça do Estado do Mato Grosso do Sul,,42,,0.0,Superior,,,,2025-10-16T15:46:34.922991,PCI Concurso,https://www.pciconcursos.com.br/noticias/tjms-abre-42-vagas-em-novo-concurso-publico
CREA - Conselho Regional de Engenharia e Agronomia,,29,"R$ 5590,79",5590.79,Superior,,,,2025-10-16T15:46:34.922991,PCI Concurso,https://www.pciconcursos.com.br/noticias/crea-mt-retifica-edital-de-concurso-publico-com-29-vagas
Prefeitura de Alto Garças,,0,"R$ 7637,38",7637.38,Superior,,,,2025-10-16T15:46:34.922991,PCI Concurso,https://www.pciconcursos.com.br/noticias/prefeitura-de-alto-garcas-mt-publica-retificacoes-de-processos-seletivos
Prefeitura de Alto Taquari,,0,"R$ 5060,87",5060.87,Superior,,,,2025-10-16T15:46:34.922991,PCI Concurso,https://www.pciconcursos.com.br/noticias/edital-de-processo-seletivo-e-divulgado-pela-prefeitura-de-alto-taquari-mt
Prefeitura de Araputanga,,8,"R$ 3117,56",3117.56,Ensino Médio,,,,2025-10-16T15:46:34.922991,PCI Concurso,https://www.pciconcursos.com.br/noticias/prefeitura-de-araputanga-mt-abre-processo-seletivo-com-oito-vagas
Prefeitura de Cuiabá,,0,"R$ 1818,14",1818.14,Ensino Médio,,,,2025-10-16T15:46:34.922991,PCI Concurso,https://www.pciconcursos.com.br/noticias/prefeitura-de-cuiaba-mt-abre-processo-seletivo-para-cuidador-de-aluno-com-deficiencia
Prefeitura de Juína,,43,"R$ 4647,59",4647.59,Superior,,,,2025-10-16T15:46:34.922991,PCI Concurso,https://www.pciconcursos.com.br/noticias/prefeitura-de-juina-mt-publica-edital-de-processo-seletivo
Prefeitura de Lucas do Rio Verde,,0,"R$ 5988,39",5988.39,Superior,,,,2025-10-16T15:46:34.922991,PCI Concurso,https://www.pciconcursos.com.br/noticias/prefeitura-de-lucas-do-rio-verde-mt-publica-processo-seletivo-para-formar-cadastro-reserva
Prefeitura de Marcelândia,,96,"R$ 10.938,09",10938.09,Superior,,,,2025-10-16T15:46:34.922991,PCI Concurso,https://www.pciconcursos.com.br/noticias/prefeitura-de-marcelandia-mt-abre-concurso-publico-com-96-vagas
Prefeitura de Nobres,,0,"R$ 3692,00",3692.0,Superior,,,,2025-10-16T15:46:34.922991,PCI Concurso,https://www.pciconcursos.com.br/noticias/prefeitura-de-nobres-mt-publica-edital-de-processo-seletivo
Prefeitura de Nova Bandeirantes,,12,"R$ 3036,00",3036.0,Ensino Médio,,,,2025-10-16T15:46:34.922991,PCI Concurso,https://www.pciconcursos.com.br/noticias/prefeitura-de-nova-bandeirantes-mt-abre-edital-de-processo-seletivo-com-12-vagas
Prefeitura de Nova Monte Verde,,92,"R$ 17.326,17",17326.17,Superior,,,,2025-10-16T15:46:34.922991,PCI Concurso,https://www.pciconcursos.com.br/noticias/prefeitura-de-nova-monte-verde-mt-abre-concurso-publico-com-92-vagas
Prefeitura de Várzea Grande - Mato Grosso,,2946,"R$ 3097,87",3097.87,Superior,,,,2025-10-16T15:46:34.922991,PCI Concurso,https://www.pciconcursos.com.br/noticias/prefeitura-de-varzea-grande-mt-abre-2946-vagas-em-novo-processo-seletivo
Prefeitura de Vila Rica,,0,"R$ 7562,89",7562.89,Superior,,,,2025-10-16T15:46:34.922991,PCI Concurso,https://www.pciconcursos.com.br/noticias/prefeitura-de-vila-rica-mt-publica-retificacao-de-processo-seletivo
ALE - Assembleia Legislativa do Estado do Amazonas,,100,"R$ 19.274,90",19274.9,Superior,,,,2025-10-16T15:46:34.922991,PCI Concurso,https://www.pciconcursos.com.br/noticias/ale-am-prorroga-inscricoes-de-concurso-publico
Prefeitura de Codajás,,1,"R$ 6000,00",6000.0,Superior,,,,2025-10-16T15:46:34.922991,PCI Concurso,https://www.pciconcursos.com.br/noticias/prefeitura-de-codajas-am-divulga-retificacoes-de-concurso-publico
Câmara de Itacoatiara,,28,"R$ 3415,00",3415.0,Superior,,,,2025-10-16T15:46:34.922991,PCI Concurso,https://www.pciconcursos.com.br/noticias/camara-de-itacoatiara-am-divulga-retificacao-de-concurso-publico
CRC - Conselho Regional de Contabilidade do Amazonas,,2,"R$ 3692,41",3692.41,Superior,,,,2025-10-16T15:46:34.922991,PCI Concurso,https://www.pciconcursos.com.br/noticias/crc-am-abre-duas-vagas-em-novo-concurso-publico
Prefeitura de Manaus,,1000,"R$ 5300,57",5300.57,Superior,,,,2025-10-16T15:46:34.922991,PCI Concurso,https://www.pciconcursos.com.br/noticias/prefeitura-de-manaus-am-divulga-concurso-publico-com-mil-vagas
Prefeitura de Tarauacá - Secretaria Municipal de Educação,,4,"R$ 4867,00",4867.0,Superior,,,,2025-10-16T15:46:34.922991,PCI Concurso,https://www.pciconcursos.com.br/noticias/prefeitura-de-tarauaca-ac-abre-processo-seletivo-para-profissionais-de-nivel-superior
Ministério Público do Estado do Amapá,,15,"R$ 7978,05",7978.05,Superior,,,,2025-10-16T15:46:34.922991,PCI Concurso,https://www.pciconcursos.com.br/noticias/mp-ap-abre-edital-de-concurso-publico-com-15-vagas
Prefeitura de Laranjal do Jari,,79,"R$ 6375,60",6375.6,Superior,,,,2025-10-16T15:46:34.922991,PCI Concurso,https://www.pciconcursos.com.br/noticias/prefeitura-de-laranjal-do-jari-ap-abre-79-vagas-em-novo-concurso-publico
CRMV - Conselho Regional de Medicina Veterinária do Estado do Pará,,3,"R$ 2610,39",2610.39,Ensino Médio,,,,2025-10-16T15:46:34.922991,PCI Concurso,https://www.pciconcursos.com.br/noticias/crmv-pa-abre-edital-de-concurso-publico-para-cargos-de-nivel-medio
Detran - Departamento de Trânsito do Estado do Pará,,110,"R$ 3360,91",3360.91,Ensino Médio,,,,2025-10-16T15:46:34.922991,PCI Concurso,https://www.pciconcursos.com.br/noticias/detran-pa-publica-processo-seletivo-para-assistentes-de-transito
Marinha do Brasil - 4º Distrito Naval,,3,,0.0,Superior,,,,2025-10-16T15:46:34.922991,PCI Concurso,https://www.pciconcursos.com.br/noticias/comando-do-4-distrito-naval-da-marinha-do-brasil-abre-inscricoes-para-novo-processo-seletivo
Prefeitura de Juruti,,718,"R$ 5500,00",5500.0,Superior,,,,2025-10-16T15:46:34.922991,PCI Concurso,https://www.pciconcursos.com.br/noticias/prefeitura-de-juruti-pa-abre-inscricoes-para-dois-concursos-publicos
Prefeitura de Ourém,,10,"R$ 3018,00",3018.0,Ensino Médio,,,,2025-10-16T15:46:34.922991,PCI Concurso,https://www.pciconcursos.com.br/noticias/prefeitura-de-ourem-pa-abre-processo-seletivo-para-profissionais-de-nivel-medio
Prefeitura de Terra Santa,,50,"R$ 16.533,37",16533.37,Superior,,,,2025-10-16T15:46:34.922991,PCI Concurso,https://www.pciconcursos.com.br/noticias/prefeitura-de-terra-santa-pa-abre-inscricoes-para-edital-de-concurso-publico
TJ - Tribunal de Justiça do Estado do Pará,,92,,0.0,Superior,,,,2025-10-16T15:46:34.922991,PCI Concurso,https://www.pciconcursos.com.br/noticias/tj-pa-divulga-edital-retificado-de-concurso-publico-com-92-vagas-para-cartorios
Câmara de Porto Velho,,47,"R$ 8146,71",8146.71,Superior,Aberto,,,2025-10-16T15:46:34.922991,PCI Concurso,https://www.pciconcursos.com.br/noticias/camara-de-porto-velho-ro-reabre-concurso-publico-com-37-vagas
Prefeitura de Costa Marques,,58,"R$ 14.000,00",14000.0,Superior,,,,2025-10-16T15:46:34.922991,PCI Concurso,https://www.pciconcursos.com.br/noticias/prefeitura-de-costa-marques-ro-abre-50-vagas-em-novo-processo-seletivo
Prefeitura de Nova União,,11,"R$ 4151,42",4151.42,Superior,,,,2025-10-16T15:46:34.922991,PCI Concurso,https://www.pciconcursos.com.br/noticias/prefeitura-de-nova-uniao-ro-publica-processo-seletivo-com-11-vagas
Prefeitura de Bonfim,,17,"R$ 3022,73",3022.73,Médio,,,,2025-10-16T15:46:34.922991,PCI Concurso,https://www.pciconcursos.com.br/noticias/prefeitura-de-bonfim-rr-publica-processo-seletivo-para-o-samu
Prefeitura de Axixá do Tocantins,,6,"R$ 1518,00",1518.0,Ensino Médio,,,,2025-10-16T15:46:34.922991,PCI Concurso,https://www.pciconcursos.com.br/noticias/prefeitura-de-axixa-do-tocantins-to-retifica-novo-concurso-publico
Prefeitura de Arapiraca,,392,"R$ 4380,98",4380.98,Superior,,,,2025-10-16T15:46:34.922991,PCI Concurso,https://www.pciconcursos.com.br/noticias/prefeitura-de-arapiraca-al-abre-concurso-publico-com-392-vagas-na-area-de-educacao
Prefeitura de Murici,,20,"R$ 1518,00",1518.0,Ensino Médio,,,,2025-10-16T15:46:34.922991,PCI Concurso,https://www.pciconcursos.com.br/noticias/prefeitura-de-murici-al-publica-edital-retificado-de-concurso-publico-para-guarda-civil-municipal
CRB-5 - Conselho Regional de Biblioteconomia da 5ª Região - SE,,1,"R$ 2550,00",2550.0,Superior,,,,2025-10-16T15:46:34.922991,PCI Concurso,https://www.pciconcursos.com.br/noticias/crb-5-ba-se-anuncia-inscricoes-para-novo-processo-seletivo
Prefeitura de Cairu,,55,"R$ 3.631,98",3631.98,Superior,,,,2025-10-16T15:46:34.922991,PCI Concurso,https://www.pciconcursos.com.br/noticias/prefeitura-de-cairu-ba-abre-54-vagas-em-novo-concurso-publico
CRQ-VII/BA - Conselho Regional de Química da 7ª Região,,2,"R$ 3597,51",3597.51,Médio,,,,2025-10-16T15:46:34.922991,PCI Concurso,https://www.pciconcursos.com.br/noticias/crq-ba-abre-concurso-publico-com-vagas-para-niveis-medio-e-tecnico-em-salvador
ICMBio - Instituto Chico Mendes de Conservação da Biodiversidade - Porto Seguro,,2,,0.0,Fundamental,,,,2025-10-16T15:46:34.931320,PCI Concurso,https://www.pciconcursos.com.br/noticias/icmbio-processo-seletivo-para-agente-temporario-ambiental-e-anunciado-em-porto-seguro-ba
Prefeitura de Amargosa,,235,"R$ 2433,89",2433.89,Superior,,,,2025-10-16T15:46:34.931320,PCI Concurso,https://www.pciconcursos.com.br/noticias/prefeitura-de-amargosa-ba-publica-abertura-das-inscricoes-de-dois-processos-seletivos
Prefeitura de Araci,,584,"R$ 5000,00",5000.0,Superior,,,,2025-10-16T15:46:34.931320,PCI Concurso,https://www.pciconcursos.com.br/noticias/prefeitura-de-araci-ba-publica-retificacoes-de-processos-seletivos
Prefeitura de Jaguaquara,,45,"R$ 3036,00",3036.0,Ensino Médio,,,,2025-10-16T15:46:34.931320,PCI Concurso,https://www.pciconcursos.com.br/noticias/prefeitura-de-jaguaquara-ba-abre-inscricoes-para-edital-de-processo-seletivo-e-concurso-publico
Prefeitura de Lajedão,,175,"R$ 7000,00",7000.0,Superior,,,,2025-10-16T15:46:34.931320,PCI Concurso,https://www.pciconcursos.com.br/noticias/prefeitura-de-lajedao-ba-promove-concurso-publico-com-salarios-de-ate-7-mil
Prefeitura de Palmas de Monte Alto,,4,"R$ 2500,00",2500.0,Superior,,,,2025-10-16T15:46:34.931320,PCI Concurso,https://www.pciconcursos.com.br/noticias/prefeitura-de-palmas-de-monte-alto-ba-abre-inscricoes-para-edital-de-concurso-publico
Prefeitura de Santo Estêvão,,275,"R$ 4.318,18",4318.18,Superior,,,,2025-10-16T15:46:34.931320,PCI Concurso,https://www.pciconcursos.com.br/noticias/prefeitura-de-santo-estevao-ba-abre-dois-editais-de-processos-seletivos
Prefeitura de Beberibe,,305,"R$ 5534,83",5534.83,Superior,Aberto,,,2025-10-16T15:46:34.931320,PCI Concurso,https://www.pciconcursos.com.br/noticias/prefeitura-de-beberibe-ce-reabre-inscricoes-de-concursos-publicos
Câmara de Forquilha,,5,"R$ 2477,00",2477.0,Superior,,,,2025-10-16T15:46:34.931320,PCI Concurso,https://www.pciconcursos.com.br/noticias/camara-de-forquilha-ce-lanca-concurso-publico-com-cinco-vagas
CDC - Companhia Docas do Ceará,,45,"R$ 14.429,02",14429.02,Superior,,,,2025-10-16T15:46:34.931320,PCI Concurso,https://www.pciconcursos.com.br/noticias/companhia-docas-do-ceara-abre-concurso-publico-com-45-vagas
Prefeitura de Ipaumirim,,75,"R$ 8308,36",8308.36,Superior,,,,2025-10-16T15:46:34.931320,PCI Concurso,https://www.pciconcursos.com.br/noticias/prefeitura-de-ipaumirim-ce-anuncia-abertura-de-concurso-publico-com-75-vagas
Prefeitura de Martinópole,,142,"R$ 4236,00",4236.0,Superior,,,,2025-10-16T15:46:34.931320,PCI Concurso,https://www.pciconcursos.com.br/noticias/prefeitura-de-martinopole-ce-publica-edital-de-concurso-publico-com-diversas-vagas
Prefeitura de Mauriti,,136,"R$ 5536,91",5536.91,Superior,,,,2025-10-16T15:46:34.931320,PCI Concurso,https://www.pciconcursos.com.br/noticias/prefeitura-de-mauriti-ce-abre-136-vagas-em-novo-concurso-publico
Prefeitura de Mombaça,,145,"R$ 1518,00",1518.0,Fundamental,,,,2025-10-16T15:46:34.931320,PCI Concurso,https://www.pciconcursos.com.br/noticias/prefeitura-de-mombaca-ce-publica-abertura-das-inscricoes-de-edital-de-processo-seletivo
Prefeitura de Poranga,,7,"R$ 1618,00",1618.0,Ensino Médio,,,,2025-10-16T15:46:34.931320,PCI Concurso,https://www.pciconcursos.com.br/noticias/prefeitura-de-poranga-ce-publica-concurso-publico-para-guardas-municipais
Prefeitura de Lima Campos,,351,"R$ 3036,00",3036.0,Superior,,,,2025-10-16T15:46:34.931320,PCI Concurso,https://www.pciconcursos.com.br/noticias/prefeitura-de-lima-campos-ma-prorroga-inscricoes-de-concurso-publico
Prefeitura de Cantanhede,,6,"R$ 3000,00",3000.0,Superior,,,,2025-10-16T15:46:34.931320,PCI Concurso,https://www.pciconcursos.com.br/noticias/prefeitura-de-cantanhede-ma-lanca-concurso-publico-para-diversas-areas
Prefeitura de Serrano do Maranhão,,17,"R$ 3.000,00",3000.0,Superior,,,,2025-10-16T15:46:34.931320,PCI Concurso,https://www.pciconcursos.com.br/noticias/prefeitura-de-serrano-do-maranhao-ma-abre-inscricoes-para-edital-de-concurso-publico
Prefeitura de Turilândia MA,,25,"R$ 1518,00",1518.0,Ensino Médio,,,,2025-10-16T15:46:34.931320,PCI Concurso,https://www.pciconcursos.com.br/noticias/concurso-publico-em-turilandia-ma-oferece-25-vagas-para-guarda-municipal-e-agente-de-transito
Prefeitura de Vitória do Mearim,,228,"R$ 4.867,77",4867.77,Superior,,,,2025-10-16T15:46:34.931320,PCI Concurso,https://www.pciconcursos.com.br/noticias/prefeitura-de-vitoria-do-mearim-ma-divulga-228-vagas-em-novo-conucrso-publico
SEAP - Secretaria de Estado de Administração Penitenciária do Maranhão,,0,"R$ 3521,43",3521.43,Superior,,,,2025-10-16T15:46:34.931320,PCI Concurso,https://www.pciconcursos.com.br/noticias/seap-ma-divulga-periodo-de-inscricoes-para-dez-processos-seletivos
"IFPB - Instituto Federal de Educação, Ciência e Tecnologia da Paraíba",,53,"R$ 4967,04",4967.04,Superior,,,,2025-10-16T15:46:34.931320,PCI Concurso,https://www.pciconcursos.com.br/noticias/ifpb-abre-concurso-publico-com-diversas-vagas
Câmara do Município de Baia da Traição,,6,"R$ 1511,84",1511.84,Fundamental,,,,2025-10-16T15:46:34.931320,PCI Concurso,https://www.pciconcursos.com.br/noticias/camara-de-baia-da-traicao-pb-publica-edital-de-concurso-publico-com-seis-vagas
CRP - Conselho Regional de Psicologia da 13ª Região,,6,"R$ 4750,00",4750.0,Superior,,,,2025-10-16T15:46:34.931320,PCI Concurso,https://www.pciconcursos.com.br/noticias/crp-13-pb-divulga-edital-de-concurso-publico
Prefeitura de Alhandra,,12,"R$ 3026,00",3026.0,Ensino Médio,,,,2025-10-16T15:46:34.931320,PCI Concurso,https://www.pciconcursos.com.br/noticias/prefeitura-de-alhandra-pb-publica-edital-de-processo-seletivo-para-cargos-de-nivel-medio
Prefeitura de Brejo dos Santos,,38,"R$ 9000,00",9000.0,Superior,,,,2025-10-16T15:46:34.931320,PCI Concurso,https://www.pciconcursos.com.br/noticias/prefeitura-de-brejo-dos-santos-pb-lanca-edital-de-concurso-publico-com-38-vagas
Prefeitura de Caiçara,,88,"R$ 12.000,00",12000.0,Superior,,,,2025-10-16T15:46:34.931320,PCI Concurso,https://www.pciconcursos.com.br/noticias/prefeitura-de-caicara-pb-promove-concurso-publico-com-salarios-de-ate-12-mil
Prefeitura de Ibiara,,6,"R$ 3026,00",3026.0,Ensino Médio,,,,2025-10-16T15:46:34.931320,PCI Concurso,https://www.pciconcursos.com.br/noticias/prefeitura-de-ibiara-pb-abre-processo-seletivo-para-profissionais-de-nivel-medio
Prefeitura de Monteiro,,114,"R$ 5597,94",5597.94,Superior,,,,2025-10-16T15:46:34.931320,PCI Concurso,https://www.pciconcursos.com.br/noticias/prefeitura-de-monteiro-pb-divulga-retificacao-de-concurso-publico-com-mais-de-100-vagas
UEPB - Universidade Estadual da Paraíba,,28,"R$ 3922,87",3922.87,Superior,,,,2025-10-16T15:46:34.931320,PCI Concurso,https://www.pciconcursos.com.br/noticias/uepb-divulga-dois-editais-de-processos-seletivos
Prefeitura de Quipapá,,16,"R$ 3036,00",3036.0,Ensino Médio,,,,2025-10-16T15:46:34.931320,PCI Concurso,https://www.pciconcursos.com.br/noticias/prefeitura-de-quipapa-pe-abre-edital-de-concurso-publico-para-cargo-de-agente-comunitario-de-saude
CREF12 - Conselho Regional de Educação Física da 12ª Região,,1,"R$ 6653,01",6653.01,Superior,,,,2025-10-16T15:46:34.931320,PCI Concurso,https://www.pciconcursos.com.br/noticias/cref12-pe-publica-concurso-publico-para-agente-de-orientacao-e-fiscalizacao
Governo do Estado de Pernambuco,,118,"R$ 5200,00",5200.0,Superior,,,,2025-10-16T15:46:34.931320,PCI Concurso,https://www.pciconcursos.com.br/noticias/governo-do-estado-de-pernambuco-anuncia-inscricoes-para-dois-processos-seletivo
Prefeitura de Calçado,,36,"R$ 4318,18",4318.18,Superior,,,,2025-10-16T15:46:34.931320,PCI Concurso,https://www.pciconcursos.com.br/noticias/prefeitura-de-calcado-pe-publica-concurso-publico-com-36-vagas
Prefeitura de Casinhas,,5,"R$ 4300,00",4300.0,Superior,,,,2025-10-16T15:46:34.931320,PCI Concurso,https://www.pciconcursos.com.br/noticias/prefeitura-de-casinhas-pe-abre-cinco-vagas-em-novo-processo-seletivo
Prefeitura de Paulista,,120,"R$ 1518,00",1518.0,Superior,,,,2025-10-16T15:46:34.931320,PCI Concurso,https://www.pciconcursos.com.br/noticias/prefeitura-de-paulista-pe-abre-concurso-publico-com-120-vagas
Prefeitura de Petrolina,,194,"R$ 3969,99",3969.99,Superior,,,,2025-10-16T15:46:34.931320,PCI Concurso,https://www.pciconcursos.com.br/noticias/prefeitura-de-petrolina-pe-divulga-concurso-publico-com-mais-de-1-mil-vagas
SAD - Secretaria Estadual de Administração e UPE - Universidade de Pernambuco,,24,"R$ 12.366,61",12366.61,Superior,,,,2025-10-16T15:46:34.931320,PCI Concurso,https://www.pciconcursos.com.br/noticias/sad-e-upe-pe-divulgam-processo-seletivo-para-profissionais-de-nivel-superior
Governo do Estado de Pernambuco - CPU,,460,"R$ 8255,00",8255.0,Superior,Suspenso,,,2025-10-16T15:46:34.931320,PCI Concurso,https://www.pciconcursos.com.br/noticias/cpu-pe-suspende-edital-de-concurso-publico-com-diversos-cargos
PC - Polícia Civil do Piauí,,200,"R$ 20.601,38",20601.38,Superior,,,,2025-10-16T15:46:34.931320,PCI Concurso,https://www.pciconcursos.com.br/noticias/pc-pi-publica-retificacoes-de-concurso-publico
Prefeitura de Floriano,,254,"R$ 6806,41",6806.41,Superior,,,,2025-10-16T15:46:34.931320,PCI Concurso,https://www.pciconcursos.com.br/noticias/prefeitura-de-floriano-pi-abre-inscricoes-para-tres-concursos-publicos
Prefeitura de Pajeú do Piauí,,7,"R$ 2900,00",2900.0,Superior,,,,2025-10-16T15:46:34.931320,PCI Concurso,https://www.pciconcursos.com.br/noticias/prefeitura-de-pajeu-do-piaui-pi-abre-sete-vagas-em-novo-processo-seletivo
Prefeitura de Passagem Franca do Piauí,,104,"R$ 6332,70",6332.7,Superior,,,,2025-10-16T15:46:34.931320,PCI Concurso,https://www.pciconcursos.com.br/noticias/prefeitura-de-passagem-franca-do-piaui-pi-anuncia-concurso-publico-com-mais-de-80-vagas
Câmara de São José do Seridó,,2,"R$ 2100,00",2100.0,Superior,,,,2025-10-16T15:46:34.931320,PCI Concurso,https://www.pciconcursos.com.br/noticias/camara-de-sao-jose-do-serido-rn-abre-inscricoes-para-edital-de-concurso-publico
Prefeitura de Angicos,,15,"R$ 3036,00",3036.0,Ensino Médio,,,,2025-10-16T15:46:34.931320,PCI Concurso,https://www.pciconcursos.com.br/noticias/prefeitura-de-angicos-rn-abre-15-vagas-em-novo-processo-seletivo
Prefeitura de São José do Seridó,,66,"R$ 4841,44",4841.44,Superior,,,,2025-10-16T15:46:34.931320,PCI Concurso,https://www.pciconcursos.com.br/noticias/prefeitura-de-sao-jose-do-serido-rn-abre-concurso-publico-para-diversas-areas
TJ - Tribunal de Justiça do Estado do Rio Grande do Norte,,89,,0.0,Superior,,,,2025-10-16T15:46:34.931320,PCI Concurso,https://www.pciconcursos.com.br/noticias/tj-rn-informa-abertura-de-concurso-publico-com-89-vagas
MP - Ministério Público do Estado de Sergipe,,29,"R$ 5474,82",5474.82,Superior,,,,2025-10-16T15:46:34.931320,PCI Concurso,https://www.pciconcursos.com.br/noticias/mp-se-abre-edital-de-concurso-publico-para-cargos-de-nivel-medio-e-superior
Prefeitura de Monte Alegre de Sergipe,,24,"R$ 1600,11",1600.11,Ensino Médio,,,,2025-10-16T15:46:34.937281,PCI Concurso,https://www.pciconcursos.com.br/noticias/prefeitura-de-monte-alegre-de-sergipe-se-abre-concurso-para-guarda-municipal
Prefeitura de Bandeirante,,1,"R$ 5932,15",5932.15,Superior,,,,2025-10-16T15:46:38.900683,PCI Concurso,https://www.pciconcursos.com.br/noticias/prefeitura-de-bandeirante-sc-promove-concurso-publico-com-salarios-de-ate-5-9-mil
